set	isolate	run_accession	sample_accession	secondary_sample_accession	study_accession	instrument_platform	instrument_model	library_layout	library_strategy	library_source	library_selection	library_name	library_construction_protocol	nominal_length	read_count	base_count	center_name	first_public
production	SAMEA104394679	ERR2200105	SAMEA104394679	ERS2012621	PRJEB9680	ILLUMINA	Illumina MiSeq	PAIRED	WGS	GENOMIC	unspecified	lib1814	Nextera XT	700	892147	509223385	FORSCHUNGSZENTRUM BORSTEL;FZB	2017-11-21
production	SAMEA104394701	ERR2200128	SAMEA104394701	ERS2012643	PRJEB9680	ILLUMINA	Illumina HiSeq 2500	PAIRED	WGS	GENOMIC	unspecified	2015-10-14	Nextera XT	700	1162515	232503000	FORSCHUNGSZENTRUM BORSTEL;FZB	2017-11-21
production	SAMEA104390495	ERR2245395	SAMEA104390495	ERS2008437	PRJEB23495	ILLUMINA	Illumina MiSeq	PAIRED	WGS	GENOMIC	RANDOM	CaseN4	Kapa	300	798552	329858993	NORWEGIAN INSTITUTE OF PUBLIC HEALTH	2018-01-15
production	SAMEA1101435	ERR2510230	SAMEA1101435	ERS2394546	PRJEB25971	ILLUMINA	Illumina HiSeq 2000	PAIRED	WGS	GENOMIC	RANDOM	LI2130009. Universidad Peruana Cayetano Heredia. 14722_6_66. 1			2944707	588738342	University of Oxford;Nuffield Department of Medicine (NDM);Universidad Peruana Cayetano Heredia	2018-09-24
production	SAMEA1118047	ERR2512866	SAMEA1118047	ERS2397456	PRJEB25991	ILLUMINA	Illumina MiSeq	PAIRED	WGS	GENOMIC	RANDOM	FD/127/1225. PHE. 15.0601290. 1			661060	199640120	University of Oxford;Nuffield Department of Medicine (NDM);PHE	2018-09-24
production	SAMEA1118219	ERR2513038	SAMEA1118219	ERS2397628	PRJEB25991	ILLUMINA	Illumina MiSeq	PAIRED	WGS	GENOMIC	RANDOM	FD/127/1691. PHE. 14.0609895. 1			1188583	345405983	University of Oxford;Nuffield Department of Medicine (NDM);PHE	2018-09-24
production	SAMEA1118444	ERR2513263	SAMEA1118444	ERS2397853	PRJEB25991	ILLUMINA	Illumina HiSeq 2500	PAIRED	WGS	GENOMIC	RANDOM	FD/127/2193. PHE. 13.0613215. 1			1288800	389217600	University of Oxford;Nuffield Department of Medicine (NDM);PHE	2018-09-24
production	SAMEA1118472	ERR2513291	SAMEA1118472	ERS2397881	PRJEB25991	ILLUMINA	Illumina MiSeq	PAIRED	WGS	GENOMIC	RANDOM	FD/127/2273. PHE. 16.0607813. 1			1166213	344514121	University of Oxford;Nuffield Department of Medicine (NDM);PHE	2018-09-24
production	SAMD00029541	DRR034496	SAMD00029541	DRS043709	PRJDB3875	ILLUMINA	Illumina MiSeq	PAIRED	WGS	GENOMIC	RANDOM			301	552489	231398152	NCGM	2017-05-02
production	SAMEA1016162	ERR067752	SAMEA1016162	ERS050955	PRJEB2138	ILLUMINA	Illumina HiSeq 2000	PAIRED	WGS	GENOMIC	RANDOM	3686459	Standard	248	2210042	331506300	Wellcome Sanger Institute;SC	2012-01-16
production	SAMEA104394701	ERR2200129	SAMEA104394701	ERS2012643	PRJEB9680	ILLUMINA	Illumina HiSeq 2500	PAIRED	WGS	GENOMIC	unspecified	2015-10-14	Nextera XT	700	1419276	709638000	FORSCHUNGSZENTRUM BORSTEL;FZB	2017-11-21
production	SAMEA104447607	ERR2229820	SAMEA104447607	ERS2065549	PRJEB20214	ILLUMINA	Illumina MiSeq	PAIRED	WGS	GENOMIC	RANDOM	141211_PP16_S8	Illumina Nextera XT	350	985494	284450477	STATENS SERUM INSTITUT	2017-12-21
production	SAMEA1101620	ERR2510350	SAMEA1101620	ERS2394666	PRJEB25972	ILLUMINA	Illumina MiniSeq	PAIRED	WGS	GENOMIC	RANDOM	PIMS_0022-14. San Raffaele Scientific Institute. 06MIL0123. 1			1320998	391918882	University of Oxford;Nuffield Department of Medicine (NDM);San Raffaele Scientific Institute	2018-09-24
production	SAMEA1118231	ERR2513050	SAMEA1118231	ERS2397640	PRJEB25991	ILLUMINA	Illumina MiSeq	PAIRED	WGS	GENOMIC	RANDOM	FD/127/15. PHE. 15.0607732. 1			910346	257552169	University of Oxford;Nuffield Department of Medicine (NDM);PHE	2018-09-24
production	SAMEA1118271	ERR2513090	SAMEA1118271	ERS2397680	PRJEB25991	ILLUMINA	Illumina MiSeq	PAIRED	WGS	GENOMIC	RANDOM	FD/127/1804. PHE. 14.0609537. 1			1515263	417140184	University of Oxford;Nuffield Department of Medicine (NDM);PHE	2018-09-24
production	SAMEA1118371	ERR2513190	SAMEA1118371	ERS2397780	PRJEB25991	ILLUMINA	Illumina HiSeq 2500	PAIRED	WGS	GENOMIC	RANDOM	FD/127/2033. PHE. 13.0609497. 1			1204538	363770476	University of Oxford;Nuffield Department of Medicine (NDM);PHE	2018-09-24
production	SAMEA1118515	ERR2513334	SAMEA1118515	ERS2397924	PRJEB25991	ILLUMINA	Illumina MiSeq	PAIRED	WGS	GENOMIC	RANDOM	FD/127/1093. PHE. 16.0618040. 1			1657651	449530693	University of Oxford;Nuffield Department of Medicine (NDM);PHE	2018-09-24
production	SAMEA1118556	ERR2513375	SAMEA1118556	ERS2397965	PRJEB25991	ILLUMINA	Illumina HiSeq 2500	PAIRED	WGS	GENOMIC	RANDOM	FD/127/253. PHE. 13.0611313. 1			3220844	972694888	University of Oxford;Nuffield Department of Medicine (NDM);PHE	2018-09-24
production	SAMD00029405	DRR034360	SAMD00029405	DRS043573	PRJDB3875	ILLUMINA	Illumina MiSeq	PAIRED	WGS	GENOMIC	RANDOM			301	563327	307064100	NCGM	2017-05-02
production	SAMEA104394709	ERR2200139	SAMEA104394709	ERS2012651	PRJEB9680	ILLUMINA	Illumina MiSeq	PAIRED	WGS	GENOMIC	unspecified	lib2907	Nextera XT	700	1187349	675725112	FORSCHUNGSZENTRUM BORSTEL;FZB	2017-11-21
production	SAMEA1102248	ERR2510566	SAMEA1102248	ERS2394882	PRJEB25972	ILLUMINA	NextSeq 500	PAIRED	WGS	GENOMIC	RANDOM	NHM_0287-14. San Raffaele Scientific Institute. 06MIL0363. 1			1798758	518143951	University of Oxford;Nuffield Department of Medicine (NDM);San Raffaele Scientific Institute	2018-09-24
production	SAMEA1117829	ERR2512648	SAMEA1117829	ERS2397238	PRJEB25991	ILLUMINA	Illumina HiSeq 2500	PAIRED	WGS	GENOMIC	RANDOM	FD/127/670. PHE. 13.0609268. 1			867641	262027582	University of Oxford;Nuffield Department of Medicine (NDM);PHE	2018-09-24
production	SAMEA1118868	ERR2513687	SAMEA1118868	ERS2398277	PRJEB25991	ILLUMINA	Illumina HiSeq 2500	PAIRED	WGS	GENOMIC	RANDOM	FD/127/3143. PHE. 13.0614577. 1			2324124	691576871	University of Oxford;Nuffield Department of Medicine (NDM);PHE	2018-09-24
production	SAMEA1118983	ERR2513802	SAMEA1118983	ERS2398392	PRJEB25991	ILLUMINA	Illumina HiSeq 2000	PAIRED	WGS	GENOMIC	RANDOM	FD/127/3380. PHE. 09.0601062. 1			2585491	517098200	University of Oxford;Nuffield Department of Medicine (NDM);PHE	2018-09-24
production	SAMEA104362137	ERR2184296	SAMEA104362137	ERS1987115	PRJEB23245	ILLUMINA	Illumina HiSeq 4000	PAIRED	WGS	GENOMIC	RANDOM	PTAN-0095. Universidad Peruana Cayetano Heredia, Peru. TAN-284. TAN-127			1935817	580745100	University of Oxford;Nuffield Department of Medicine (NDM);Universidad Peruana Cayetano Heredia;Peru	2019-06-12
production	SAMEA104362388	ERR2184547	SAMEA104362388	ERS1987366	PRJEB23245	ILLUMINA	Illumina HiSeq 4000	PAIRED	WGS	GENOMIC	RANDOM	PTAN-0346. Universidad Peruana Cayetano Heredia, Peru. TAN-361. TAN-515			1545959	463787700	University of Oxford;Nuffield Department of Medicine (NDM);Universidad Peruana Cayetano Heredia;Peru	2019-06-12
production	SAMD00117867	DRR130159	SAMD00117867	DRS090275	PRJDB7006	ILLUMINA	Illumina MiSeq	PAIRED	WGS	GENOMIC	RANDOM			500	934160	537166832	NIID	2019-03-16
production	SAMEA111366893	ERR10219870	SAMEA111366893	ERS13463886	PRJEB29446	ILLUMINA	Illumina MiSeq	PAIRED	WGS	GENOMIC	RANDOM				1555034	362407453	NATIONAL INSTITUTE OF HEALTH DR. RICARDO JORGE	2022-09-19
production	SAMEA104394536	ERR2199934	SAMEA104394536	ERS2012478	PRJEB9680	ILLUMINA	Illumina MiSeq	PAIRED	WGS	GENOMIC	unspecified	lib2850	Nextera XT	700	938141	535650655	FORSCHUNGSZENTRUM BORSTEL;FZB	2017-11-21
production	SAMEA104390547	ERR2245372	SAMEA104390547	ERS2008489	PRJEB23495	ILLUMINA	Illumina MiSeq	PAIRED	WGS	GENOMIC	RANDOM	Case 3	Kapa	300	1342219	511711592	NORWEGIAN INSTITUTE OF PUBLIC HEALTH	2018-01-15
production	SAMEA1118141	ERR2512960	SAMEA1118141	ERS2397550	PRJEB25991	ILLUMINA	Illumina MiSeq	PAIRED	WGS	GENOMIC	RANDOM	FD/127/1471. PHE. 16.0617066. 1			1016958	303445633	University of Oxford;Nuffield Department of Medicine (NDM);PHE	2018-09-24
production	SAMEA1118355	ERR2513174	SAMEA1118355	ERS2397764	PRJEB25991	ILLUMINA	Illumina HiSeq 2500	PAIRED	WGS	GENOMIC	RANDOM	FD/127/1829. PHE. 13.0613581. 1			1986568	599943536	University of Oxford;Nuffield Department of Medicine (NDM);PHE	2018-09-24
production	SAMEA1118683	ERR2513502	SAMEA1118683	ERS2398092	PRJEB25991	ILLUMINA	Illumina MiSeq	PAIRED	WGS	GENOMIC	RANDOM	FD/127/2727. PHE. 15.0601563. 1			1317883	388573648	University of Oxford;Nuffield Department of Medicine (NDM);PHE	2018-09-24
production	SAMD00117856	DRR130148	SAMD00117856	DRS090264	PRJDB7006	ILLUMINA	Illumina MiSeq	PAIRED	WGS	GENOMIC	RANDOM			500	1486565	837950315	NIID	2019-03-16
production	SAMEA111556124	ERR10465846	SAMEA111556124	ERS13666170	PRJEB9680	ILLUMINA	NextSeq 500	PAIRED	WGS	GENOMIC	unspecified	lib10668	Nextera XT		8237274	1238299449	FORSCHUNGSZENTRUM BORSTEL;FZB	2022-11-14
production	SAMEA111556213	ERR10465937	SAMEA111556213	ERS13666259	PRJEB9680	ILLUMINA	NextSeq 500	PAIRED	WGS	GENOMIC	unspecified	lib11818	Nextera XT		4656450	691245619	FORSCHUNGSZENTRUM BORSTEL;FZB	2022-11-14
production	SAMEA104153397	ERR2027265	SAMEA104153397	ERS1812415	PRJEB21685	ILLUMINA	Illumina MiSeq	PAIRED	WGS	GENOMIC	RANDOM	unspecified		170	4829681	1375970544	UNIVERSITY COLLEGE LONDON	2017-09-06
production	SAMEA104394644	ERR2200057	SAMEA104394644	ERS2012586	PRJEB9680	ILLUMINA	Illumina HiSeq 2500	PAIRED	WGS	GENOMIC	unspecified	2015-10-14	Nextera XT	700	1685742	337148400	FORSCHUNGSZENTRUM BORSTEL;FZB	2017-11-21
production	SAMEA104394705	ERR2200133	SAMEA104394705	ERS2012647	PRJEB9680	ILLUMINA	NextSeq 500	PAIRED	WGS	GENOMIC	unspecified	lib6730	Nextera XT	700	3138350	940366133	FORSCHUNGSZENTRUM BORSTEL;FZB	2017-11-21
production	SAMEA1117725	ERR2512544	SAMEA1117725	ERS2397134	PRJEB25991	ILLUMINA	Illumina MiSeq	PAIRED	WGS	GENOMIC	RANDOM	FD/127/414. PHE. 15.0601621. 1			2066261	604666990	University of Oxford;Nuffield Department of Medicine (NDM);PHE	2018-09-24
production	SAMEA1118435	ERR2513254	SAMEA1118435	ERS2397844	PRJEB25991	ILLUMINA	Illumina MiSeq	PAIRED	WGS	GENOMIC	RANDOM	FD/127/160. PHE. 15.0601684. 1			1396132	413635420	University of Oxford;Nuffield Department of Medicine (NDM);PHE	2018-09-24
production	SAMEA112250087	ERR10680110	SAMEA112250087	ERS14360950	PRJEB9680	ILLUMINA	NextSeq 500	PAIRED	WGS	GENOMIC	unspecified	19009766_lib26319	Nextera XT		4057880	603887472	FORSCHUNGSZENTRUM BORSTEL;FZB	2022-12-20
production	SAMEA1119903	ERR2514722	SAMEA1119903	ERS2399312	PRJEB25991	ILLUMINA	Illumina MiSeq	PAIRED	WGS	GENOMIC	RANDOM	FD/127/5321. PHE. 16.0610558. 1			1429905	373596448	University of Oxford;Nuffield Department of Medicine (NDM);PHE	2018-09-24
production	SAMEA11225693	ERR7902665	SAMEA11225693	ERS8875168	PRJEB6273	ILLUMINA	NextSeq 500	PAIRED	WGS	GENOMIC	unspecified	3416-01_lib17018	Nextera XT	700	6038142	869810206	FORSCHUNGSZENTRUM BORSTEL;FZB	2022-01-05
production	SAMEA112799227	ERR11049030	SAMEA112799227	ERS14806773	PRJEB9680	ILLUMINA	NextSeq 500	PAIRED	WGS	GENOMIC	unspecified	lib30832	Nextera XT		5688830	834580051	FORSCHUNGSZENTRUM BORSTEL;FZB	2023-03-21
production	SAMEA112799264	ERR11049074	SAMEA112799264	ERS14806810	PRJEB9680	ILLUMINA	NextSeq 500	PAIRED	WGS	GENOMIC	unspecified	lib31751	Nextera XT		6291384	920177434	FORSCHUNGSZENTRUM BORSTEL;FZB	2023-03-21
production	SAMEA112799816	ERR11049690	SAMEA112799816	ERS14807362	PRJEB9680	ILLUMINA	NextSeq 500	PAIRED	WGS	GENOMIC	unspecified	lib34631	Nextera XT		5086274	754803616	FORSCHUNGSZENTRUM BORSTEL;FZB	2023-03-21
production	SAMEA112799855	ERR11049735	SAMEA112799855	ERS14807401	PRJEB9680	ILLUMINA	NextSeq 500	PAIRED	WGS	GENOMIC	unspecified	lib34666	Nextera XT		5249872	777723713	FORSCHUNGSZENTRUM BORSTEL;FZB	2023-03-21
production	SAMEA112799912	ERR11049802	SAMEA112799912	ERS14807458	PRJEB9680	ILLUMINA	NextSeq 500	PAIRED	WGS	GENOMIC	unspecified	lib34822	Nextera XT		4624454	685253566	FORSCHUNGSZENTRUM BORSTEL;FZB	2023-03-21
production	SAMEA112801244	ERR11067401	SAMEA112801244	ERS14808790	PRJEB9680	ILLUMINA	NextSeq 2000	PAIRED	WGS	GENOMIC	unspecified	lib45519	Nextera XT		2921134	429533893	FORSCHUNGSZENTRUM BORSTEL;FZB	2023-03-21
production	SAMEA112801311	ERR11067475	SAMEA112801311	ERS14808857	PRJEB9680	ILLUMINA	NextSeq 2000	PAIRED	WGS	GENOMIC	unspecified	lib45607	Nextera XT		3964168	579616079	FORSCHUNGSZENTRUM BORSTEL;FZB	2023-03-21
production	SAMEA112799768	ERR11049635	SAMEA112799768	ERS14807314	PRJEB9680	ILLUMINA	NextSeq 500	PAIRED	WGS	GENOMIC	unspecified	lib34617	Nextera XT		6008408	890274543	FORSCHUNGSZENTRUM BORSTEL;FZB	2023-03-21
production	SAMEA112799829	ERR11049704	SAMEA112799829	ERS14807375	PRJEB9680	ILLUMINA	NextSeq 500	PAIRED	WGS	GENOMIC	unspecified	lib34626	Nextera XT		5520314	820336014	FORSCHUNGSZENTRUM BORSTEL;FZB	2023-03-21
production	SAMEA1119259	ERR2514078	SAMEA1119259	ERS2398668	PRJEB25991	ILLUMINA	Illumina MiSeq	PAIRED	WGS	GENOMIC	RANDOM	FD/127/39398. PHE. 16.0601606. 1			1173299	336311547	University of Oxford;Nuffield Department of Medicine (NDM);PHE	2018-09-24
production	SAMEA1119309	ERR2514128	SAMEA1119309	ERS2398718	PRJEB25991	ILLUMINA	Illumina MiSeq	PAIRED	WGS	GENOMIC	RANDOM	FD/127/4109. PHE. 13.0605666. 1			1321732	389089000	University of Oxford;Nuffield Department of Medicine (NDM);PHE	2018-09-24
production	SAMEA1119663	ERR2514482	SAMEA1119663	ERS2399072	PRJEB25991	ILLUMINA	Illumina MiSeq	PAIRED	WGS	GENOMIC	RANDOM	FD/127/4843. PHE. 10.0612076. 1			1097559	322715265	University of Oxford;Nuffield Department of Medicine (NDM);PHE	2018-09-24
production	SAMEA112250013	ERR10680036	SAMEA112250013	ERS14360876	PRJEB9680	ILLUMINA	NextSeq 500	PAIRED	WGS	GENOMIC	unspecified	18011093_lib21262	Nextera XT		1885790	277192776	FORSCHUNGSZENTRUM BORSTEL;FZB	2022-12-20
production	SAMEA112799036	ERR11044763	SAMEA112799036	ERS14806582	PRJEB9680	ILLUMINA	NextSeq 500	PAIRED	WGS	GENOMIC	unspecified	lib30334	Nextera XT		5104380	716624293	FORSCHUNGSZENTRUM BORSTEL;FZB	2023-03-21
production	SAMEA112799057	ERR11044787	SAMEA112799057	ERS14806603	PRJEB9680	ILLUMINA	NextSeq 500	PAIRED	WGS	GENOMIC	unspecified	lib29731	Nextera XT		5581716	827979574	FORSCHUNGSZENTRUM BORSTEL;FZB	2023-03-21
production	SAMEA112800371	ERR11050335	SAMEA112800371	ERS14807917	PRJEB9680	ILLUMINA	NextSeq 500	PAIRED	WGS	GENOMIC	unspecified	lib39778	Nextera XT		5853784	871634833	FORSCHUNGSZENTRUM BORSTEL;FZB	2023-03-21
production	SAMEA112800740	ERR11050736	SAMEA112800740	ERS14808286	PRJEB9680	ILLUMINA	NextSeq 500	PAIRED	WGS	GENOMIC	unspecified	lib41665	Nextera XT		3177382	469198512	FORSCHUNGSZENTRUM BORSTEL;FZB	2023-03-21
production	SAMEA112800857	ERR11050858	SAMEA112800857	ERS14808403	PRJEB9680	ILLUMINA	NextSeq 2000	PAIRED	WGS	GENOMIC	unspecified	lib42897	Nextera XT		4569348	668564464	FORSCHUNGSZENTRUM BORSTEL;FZB	2023-03-21
production	SAMEA112801078	ERR11067223	SAMEA112801078	ERS14808624	PRJEB9680	ILLUMINA	NextSeq 2000	PAIRED	WGS	GENOMIC	unspecified	lib43482	Nextera XT		3893826	570984667	FORSCHUNGSZENTRUM BORSTEL;FZB	2023-03-21
production	SAMEA1119266	ERR2514085	SAMEA1119266	ERS2398675	PRJEB25991	ILLUMINA	Illumina HiSeq 2500	PAIRED	WGS	GENOMIC	RANDOM	FD/127/4011. PHE. 13.0604513. 1			1706450	515347900	University of Oxford;Nuffield Department of Medicine (NDM);PHE	2018-09-24
production	SAMEA1119906	ERR2514725	SAMEA1119906	ERS2399315	PRJEB25991	ILLUMINA	Illumina HiSeq 2500	PAIRED	WGS	GENOMIC	RANDOM	FD/127/5325. PHE. 13.0610401. 1			1834186	553924172	University of Oxford;Nuffield Department of Medicine (NDM);PHE	2018-09-24
production	SAMEA112799227	ERR11049029	SAMEA112799227	ERS14806773	PRJEB9680	ILLUMINA	NextSeq 500	PAIRED	WGS	GENOMIC	unspecified	lib30832	Nextera XT		987840	139407062	FORSCHUNGSZENTRUM BORSTEL;FZB	2023-03-21
production	SAMEA112799515	ERR11049352	SAMEA112799515	ERS14807061	PRJEB9680	ILLUMINA	NextSeq 500	PAIRED	WGS	GENOMIC	unspecified	lib32496	Nextera XT		4876556	695687815	FORSCHUNGSZENTRUM BORSTEL;FZB	2023-03-21
production	SAMEA112799874	ERR11049755	SAMEA112799874	ERS14807420	PRJEB9680	ILLUMINA	NextSeq 500	PAIRED	WGS	GENOMIC	unspecified	lib34820	Nextera XT		4027482	596561961	FORSCHUNGSZENTRUM BORSTEL;FZB	2023-03-21
production	SAMEA112800923	ERR11050928	SAMEA112800923	ERS14808469	PRJEB9680	ILLUMINA	NextSeq 500	PAIRED	WGS	GENOMIC	unspecified	lib43448	Nextera XT		3837986	556782000	FORSCHUNGSZENTRUM BORSTEL;FZB	2023-03-21
production	SAMEA112801049	ERR11067192	SAMEA112801049	ERS14808595	PRJEB9680	ILLUMINA	NextSeq 2000	PAIRED	WGS	GENOMIC	unspecified	lib43479	Nextera XT		4419936	643124520	FORSCHUNGSZENTRUM BORSTEL;FZB	2023-03-21
production	SAMEA112801163	ERR11067315	SAMEA112801163	ERS14808709	PRJEB9680	ILLUMINA	NextSeq 2000	PAIRED	WGS	GENOMIC	unspecified	lib43978	Nextera XT		3192898	472153002	FORSCHUNGSZENTRUM BORSTEL;FZB	2023-03-21
production	SAMEA1119067	ERR2513886	SAMEA1119067	ERS2398476	PRJEB25991	ILLUMINA	Illumina HiSeq 2500	PAIRED	WGS	GENOMIC	RANDOM	Bi10kTB_115. PHE. 14.0616160. 1			1415292	427418184	University of Oxford;Nuffield Department of Medicine (NDM);PHE	2018-09-24
production	SAMEA1119099	ERR2513918	SAMEA1119099	ERS2398508	PRJEB25991	ILLUMINA	Illumina HiSeq 2000	PAIRED	WGS	GENOMIC	RANDOM	FD/127/3623. PHE. 09.0600141. 1			2642210	528442000	University of Oxford;Nuffield Department of Medicine (NDM);PHE	2018-09-24
production	SAMEA11225752	ERR7902724	SAMEA11225752	ERS8875227	PRJEB6273	ILLUMINA	NextSeq 500	PAIRED	WGS	GENOMIC	unspecified	7-GK_lib5217	Nextera XT	700	5312906	792103702	FORSCHUNGSZENTRUM BORSTEL;FZB	2022-01-04
production	SAMEA112799490	ERR11049325	SAMEA112799490	ERS14807036	PRJEB9680	ILLUMINA	NextSeq 500	PAIRED	WGS	GENOMIC	unspecified	lib32320	Nextera XT		3350892	498830279	FORSCHUNGSZENTRUM BORSTEL;FZB	2023-03-21
production	SAMEA112799814	ERR11049686	SAMEA112799814	ERS14807360	PRJEB9680	ILLUMINA	NextSeq 500	PAIRED	WGS	GENOMIC	unspecified	lib34646	Nextera XT		5818116	859670410	FORSCHUNGSZENTRUM BORSTEL;FZB	2023-03-21
production	SAMEA112800083	ERR11049987	SAMEA112800083	ERS14807629	PRJEB9680	ILLUMINA	NextSeq 500	PAIRED	WGS	GENOMIC	unspecified	lib36009	Nextera XT		4184824	622813225	FORSCHUNGSZENTRUM BORSTEL;FZB	2023-03-21
production	SAMEA112800905	ERR11050908	SAMEA112800905	ERS14808451	PRJEB9680	ILLUMINA	NextSeq 500	PAIRED	WGS	GENOMIC	unspecified	lib43461	Nextera XT		3098808	450056379	FORSCHUNGSZENTRUM BORSTEL;FZB	2023-03-21
production	SAMEA1119314	ERR2514133	SAMEA1119314	ERS2398723	PRJEB25991	ILLUMINA	Illumina MiSeq	PAIRED	WGS	GENOMIC	RANDOM	FD/127/4113. PHE. 14.0609500. 1			957437	225224900	University of Oxford;Nuffield Department of Medicine (NDM);PHE	2018-09-24
production	SAMEA11225614	ERR7902587	SAMEA11225614	ERS8875090	PRJEB6273	ILLUMINA	NextSeq 500	PAIRED	WGS	GENOMIC	unspecified	10459-13_lib13766	Nextera XT	700	5372596	800486605	FORSCHUNGSZENTRUM BORSTEL;FZB	2022-01-04
production	SAMEA11225624	ERR7902597	SAMEA11225624	ERS8875100	PRJEB6273	ILLUMINA	Illumina MiSeq	PAIRED	WGS	GENOMIC	unspecified	11051-03_lib1876	Nextera XT	700	812772	230606222	FORSCHUNGSZENTRUM BORSTEL;FZB	2022-01-05
production	SAMEA11225697	ERR7902669	SAMEA11225697	ERS8875172	PRJEB6273	ILLUMINA	Illumina MiSeq	PAIRED	WGS	GENOMIC	unspecified	4058-03_lib1889	Nextera XT	700	1909210	546327586	FORSCHUNGSZENTRUM BORSTEL;FZB	2022-01-04
production	SAMEA112802691	ERR11042971	SAMEA112802691	ERS14810237	PRJEB9680	ILLUMINA	NextSeq 500	PAIRED	WGS	GENOMIC	unspecified	lib14502	Nextera XT		2997336	443128855	FORSCHUNGSZENTRUM BORSTEL;FZB	2023-03-21
production	SAMEA112802866	ERR11043151	SAMEA112802866	ERS14810412	PRJEB9680	ILLUMINA	NextSeq 500	PAIRED	WGS	GENOMIC	unspecified	lib10006	Nextera XT		2979176	446734895	FORSCHUNGSZENTRUM BORSTEL;FZB	2023-03-21
production	SAMEA112803185	ERR11043475	SAMEA112803185	ERS14810731	PRJEB9680	ILLUMINA	NextSeq 500	PAIRED	WGS	GENOMIC	unspecified	lib12092	Nextera XT		5648672	833341148	FORSCHUNGSZENTRUM BORSTEL;FZB	2023-03-21
production	SAMEA112804120	ERR11044436	SAMEA112804120	ERS14811666	PRJEB9680	ILLUMINA	NextSeq 500	PAIRED	WGS	GENOMIC	unspecified	lib23552	Nextera XT		4044552	599077560	FORSCHUNGSZENTRUM BORSTEL;FZB	2023-03-21
production	SAMEA112804213	ERR11044529	SAMEA112804213	ERS14811759	PRJEB9680	ILLUMINA	NextSeq 500	PAIRED	WGS	GENOMIC	unspecified	lib27118	Nextera XT		5458922	811932144	FORSCHUNGSZENTRUM BORSTEL;FZB	2023-03-21
production	SAMEA112804328	ERR11044648	SAMEA112804328	ERS14811874	PRJEB9680	ILLUMINA	NextSeq 500	PAIRED	WGS	GENOMIC	unspecified	lib29519	Nextera XT		4974004	741284862	FORSCHUNGSZENTRUM BORSTEL;FZB	2023-03-21
production	SAMEA112801809	ERR11068007	SAMEA112801809	ERS14809355	PRJEB9680	ILLUMINA	NextSeq 2000	PAIRED	WGS	GENOMIC	unspecified	lib49258	Nextera XT		4630706	675787340	FORSCHUNGSZENTRUM BORSTEL;FZB	2023-03-21
production	SAMEA112802361	ERR11068573	SAMEA112802361	ERS14809907	PRJEB9680	ILLUMINA	NextSeq 2000	PAIRED	WGS	GENOMIC	unspecified	lib51941	Nextera XT		4088002	486225434	FORSCHUNGSZENTRUM BORSTEL;FZB	2023-03-21
production	SAMEA112805217	ERR11081409	SAMEA112805217	ERS14812763	PRJEB9680	ILLUMINA	NextSeq 500	PAIRED	WGS	GENOMIC	unspecified	lib16661	Nextera XT		3153012	464469553	FORSCHUNGSZENTRUM BORSTEL;FZB	2023-03-22
production	SAMEA112802836	ERR11043119	SAMEA112802836	ERS14810382	PRJEB9680	ILLUMINA	NextSeq 500	PAIRED	WGS	GENOMIC	unspecified	lib13798	Nextera XT		5536898	820899001	FORSCHUNGSZENTRUM BORSTEL;FZB	2023-03-21
production	SAMEA112803082	ERR11043371	SAMEA112803082	ERS14810628	PRJEB9680	ILLUMINA	NextSeq 500	PAIRED	WGS	GENOMIC	unspecified	lib13139	Nextera XT		6473978	950867442	FORSCHUNGSZENTRUM BORSTEL;FZB	2023-03-21
production	SAMEA112803159	ERR11043449	SAMEA112803159	ERS14810705	PRJEB9680	ILLUMINA	NextSeq 500	PAIRED	WGS	GENOMIC	unspecified	lib22372	Nextera XT		4567920	684068231	FORSCHUNGSZENTRUM BORSTEL;FZB	2023-03-21
production	SAMEA112803223	ERR11043516	SAMEA112803223	ERS14810769	PRJEB9680	ILLUMINA	NextSeq 500	PAIRED	WGS	GENOMIC	unspecified	lib22366	Nextera XT		6492498	968774670	FORSCHUNGSZENTRUM BORSTEL;FZB	2023-03-21
production	SAMEA112803938	ERR11044254	SAMEA112803938	ERS14811484	PRJEB9680	ILLUMINA	NextSeq 500	PAIRED	WGS	GENOMIC	unspecified	lib24096	Nextera XT		4957882	739225562	FORSCHUNGSZENTRUM BORSTEL;FZB	2023-03-21
production	SAMEA112804260	ERR11044578	SAMEA112804260	ERS14811806	PRJEB9680	ILLUMINA	NextSeq 500	PAIRED	WGS	GENOMIC	unspecified	lib26280	Nextera XT		4360112	652360827	FORSCHUNGSZENTRUM BORSTEL;FZB	2023-03-21
production	SAMEA112804629	ERR11069110	SAMEA112804629	ERS14812175	PRJEB9680	ILLUMINA	NextSeq 500	PAIRED	WGS	GENOMIC	unspecified	lib10257	Nextera XT		5108794	750217927	FORSCHUNGSZENTRUM BORSTEL;FZB	2023-03-21
production	SAMEA112805331	ERR11081528	SAMEA112805331	ERS14812877	PRJEB9680	ILLUMINA	Illumina MiSeq	PAIRED	WGS	GENOMIC	unspecified	lib3127	Nextera XT		1742820	495630240	FORSCHUNGSZENTRUM BORSTEL;FZB	2023-03-22
production	SAMEA112802700	ERR11042980	SAMEA112802700	ERS14810246	PRJEB9680	ILLUMINA	NextSeq 500	PAIRED	WGS	GENOMIC	unspecified	lib16566	Nextera XT		7762122	1137507060	FORSCHUNGSZENTRUM BORSTEL;FZB	2023-03-21
production	SAMEA112802799	ERR11043080	SAMEA112802799	ERS14810345	PRJEB9680	ILLUMINA	NextSeq 500	PAIRED	WGS	GENOMIC	unspecified	lib13780	Nextera XT		4793632	714687474	FORSCHUNGSZENTRUM BORSTEL;FZB	2023-03-21
production	SAMEA112803175	ERR11043465	SAMEA112803175	ERS14810721	PRJEB9680	ILLUMINA	NextSeq 500	PAIRED	WGS	GENOMIC	unspecified	lib12216	Nextera XT		6214108	921973055	FORSCHUNGSZENTRUM BORSTEL;FZB	2023-03-21
production	SAMEA112803233	ERR11043526	SAMEA112803233	ERS14810779	PRJEB9680	ILLUMINA	NextSeq 500	PAIRED	WGS	GENOMIC	unspecified	lib8599	Nextera XT		3113044	402949516	FORSCHUNGSZENTRUM BORSTEL;FZB	2023-03-21
production	SAMEA112803881	ERR11044197	SAMEA112803881	ERS14811427	PRJEB9680	ILLUMINA	NextSeq 500	PAIRED	WGS	GENOMIC	unspecified	lib20979	Nextera XT		5213902	772899722	FORSCHUNGSZENTRUM BORSTEL;FZB	2023-03-21
production	SAMEA112801533	ERR11067730	SAMEA112801533	ERS14809079	PRJEB9680	ILLUMINA	NextSeq 2000	PAIRED	WGS	GENOMIC	unspecified	lib46367	Nextera XT		3978924	547677178	FORSCHUNGSZENTRUM BORSTEL;FZB	2023-03-21
production	SAMEA112801688	ERR11067886	SAMEA112801688	ERS14809234	PRJEB9680	ILLUMINA	NextSeq 2000	PAIRED	WGS	GENOMIC	unspecified	lib47987	Nextera XT		3409816	502532350	FORSCHUNGSZENTRUM BORSTEL;FZB	2023-03-21
production	SAMEA112802222	ERR11068422	SAMEA112802222	ERS14809768	PRJEB9680	ILLUMINA	NextSeq 2000	PAIRED	WGS	GENOMIC	unspecified	lib50208	Nextera XT		4347680	640821373	FORSCHUNGSZENTRUM BORSTEL;FZB	2023-03-21
production	SAMEA112804896	ERR11081070	SAMEA112804896	ERS14812442	PRJEB9680	ILLUMINA	NextSeq 500	PAIRED	WGS	GENOMIC	unspecified	lib17098	Nextera XT		4423516	630213598	FORSCHUNGSZENTRUM BORSTEL;FZB	2023-03-22
production	SAMEA112803183	ERR11043473	SAMEA112803183	ERS14810729	PRJEB9680	ILLUMINA	NextSeq 500	PAIRED	WGS	GENOMIC	unspecified	lib8348	Nextera XT		4300654	640120739	FORSCHUNGSZENTRUM BORSTEL;FZB	2023-03-21
production	SAMEA112803507	ERR11043816	SAMEA112803507	ERS14811053	PRJEB9680	ILLUMINA	NextSeq 500	PAIRED	WGS	GENOMIC	unspecified	lib24622	Nextera XT		3646542	526827311	FORSCHUNGSZENTRUM BORSTEL;FZB	2023-03-21
production	SAMEA112801429	ERR11067599	SAMEA112801429	ERS14808975	PRJEB9680	ILLUMINA	NextSeq 2000	PAIRED	WGS	GENOMIC	unspecified	lib45634	Nextera XT		6287544	914900988	FORSCHUNGSZENTRUM BORSTEL;FZB	2023-03-21
production	SAMEA112801803	ERR11068001	SAMEA112801803	ERS14809349	PRJEB9680	ILLUMINA	NextSeq 2000	PAIRED	WGS	GENOMIC	unspecified	lib49022	Nextera XT		4640618	662133418	FORSCHUNGSZENTRUM BORSTEL;FZB	2023-03-21
production	SAMEA112801951	ERR11068149	SAMEA112801951	ERS14809497	PRJEB9680	ILLUMINA	NextSeq 2000	PAIRED	WGS	GENOMIC	unspecified	lib49747	Nextera XT		4350004	632315336	FORSCHUNGSZENTRUM BORSTEL;FZB	2023-03-21
production	SAMEA112802208	ERR11068408	SAMEA112802208	ERS14809754	PRJEB9680	ILLUMINA	NextSeq 2000	PAIRED	WGS	GENOMIC	unspecified	lib50200	Nextera XT		4564732	657090351	FORSCHUNGSZENTRUM BORSTEL;FZB	2023-03-21
production	SAMEA112805148	ERR11081338	SAMEA112805148	ERS14812694	PRJEB9680	ILLUMINA	NextSeq 500	PAIRED	WGS	GENOMIC	unspecified	lib8578	Nextera XT		2797006	412029514	FORSCHUNGSZENTRUM BORSTEL;FZB	2023-03-22
production	SAMEA112802997	ERR11043286	SAMEA112802997	ERS14810543	PRJEB9680	ILLUMINA	NextSeq 500	PAIRED	WGS	GENOMIC	unspecified	lib9241	Nextera XT		5343074	781233314	FORSCHUNGSZENTRUM BORSTEL;FZB	2023-03-21
production	SAMEA112803155	ERR11043445	SAMEA112803155	ERS14810701	PRJEB9680	ILLUMINA	NextSeq 500	PAIRED	WGS	GENOMIC	unspecified	lib8342	Nextera XT		3605012	538485736	FORSCHUNGSZENTRUM BORSTEL;FZB	2023-03-21
production	SAMEA112803707	ERR11044021	SAMEA112803707	ERS14811253	PRJEB9680	ILLUMINA	NextSeq 500	PAIRED	WGS	GENOMIC	unspecified	lib16931	Nextera XT		9726190	1344561707	FORSCHUNGSZENTRUM BORSTEL;FZB	2023-03-21
production	SAMEA112801787	ERR11067985	SAMEA112801787	ERS14809333	PRJEB9680	ILLUMINA	NextSeq 2000	PAIRED	WGS	GENOMIC	unspecified	lib48166	Nextera XT		4961500	694959692	FORSCHUNGSZENTRUM BORSTEL;FZB	2023-03-21
production	SAMEA112802517	ERR11068733	SAMEA112802517	ERS14810063	PRJEB9680	ILLUMINA	NextSeq 2000	PAIRED	WGS	GENOMIC	unspecified	lib53338	Nextera XT		4443420	647433010	FORSCHUNGSZENTRUM BORSTEL;FZB	2023-03-21
production	SAMEA112804464	ERR11068941	SAMEA112804464	ERS14812010	PRJEB9680	ILLUMINA	NextSeq 500	PAIRED	WGS	GENOMIC	unspecified	lib25665	Nextera XT		5906168	855328393	FORSCHUNGSZENTRUM BORSTEL;FZB	2023-03-21
production	SAMEA112805056	ERR11081237	SAMEA112805056	ERS14812602	PRJEB9680	ILLUMINA	NextSeq 500	PAIRED	WGS	GENOMIC	unspecified	lib17099	Nextera XT		4841234	691816587	FORSCHUNGSZENTRUM BORSTEL;FZB	2023-03-22
production	SAMEA1403590	ERR108484	SAMEA1403590	ERS066664	PRJEB2138	ILLUMINA	Illumina HiSeq 2000	PAIRED	WGS	GENOMIC	RANDOM	3950516	Standard	264	2360311	472062200	Wellcome Sanger Institute;SC	2012-04-17
production	SAMEA112805908	ERR11082193	SAMEA112805908	ERS14813454	PRJEB9680	ILLUMINA	NextSeq 500	PAIRED	WGS	GENOMIC	unspecified	lib25681	Nextera XT		5201518	772856766	FORSCHUNGSZENTRUM BORSTEL;FZB	2023-03-22
production	SAMEA112806196	ERR11082550	SAMEA112806196	ERS14813742	PRJEB9680	ILLUMINA	NextSeq 500	PAIRED	WGS	GENOMIC	unspecified	lib15184	Nextera XT		3566110	514929211	FORSCHUNGSZENTRUM BORSTEL;FZB	2023-03-22
production	SAMEA112806324	ERR11082680	SAMEA112806324	ERS14813870	PRJEB9680	ILLUMINA	NextSeq 500	PAIRED	WGS	GENOMIC	unspecified	lib12495	Nextera XT		6420168	945607121	FORSCHUNGSZENTRUM BORSTEL;FZB	2023-03-22
production	SAMEA115163105	ERR12544222	SAMEA115163105	ERS17970900	PRJEB29446	ILLUMINA	NextSeq 550	PAIRED	WGS	GENOMIC	RANDOM				3593878	522612605	NATIONAL INSTITUTE OF HEALTH DR. RICARDO JORGE	2024-01-30
production	SAMEA2533490	ERR550814	SAMEA2533490	ERS456892	PRJEB6273	ILLUMINA	Illumina HiSeq 2500	PAIRED	WGS	GENOMIC	unspecified	4104-04_lib234_hpi_2013-06-25_151bp	Nextera XT	700	1445166	436440132	FORSCHUNGSZENTRUM BORSTEL;FZB	2016-06-13
production	SAMEA2533494	ERR550818	SAMEA2533494	ERS456896	PRJEB9680	ILLUMINA	Illumina HiSeq 2500	PAIRED	WGS	GENOMIC	unspecified	6810-08_genoscreen_genoscreen_2013-10-31_101bp	Nextera	700	2961885	598300770	FORSCHUNGSZENTRUM BORSTEL;FZB	2015-06-24
production	SAMEA2533760	ERR551186	SAMEA2533760	ERS457162	PRJEB9680	ILLUMINA	Illumina HiSeq 2500	PAIRED	WGS	GENOMIC	unspecified	6451-10_genoscreen_genoscreen_2013-03-28_101bp	Nextera	700	4107727	829760854	FORSCHUNGSZENTRUM BORSTEL;FZB	2015-06-24
production	SAMEA112806975	ERR11050913	SAMEA112806975	ERS14814521	PRJEB9680	ILLUMINA	NextSeq 2000	PAIRED	WGS	GENOMIC	unspecified	lib42963	Nextera XT		3444516	510711730	FORSCHUNGSZENTRUM BORSTEL;FZB	2023-03-21
production	SAMEA112805957	ERR11082244	SAMEA112805957	ERS14813503	PRJEB9680	ILLUMINA	NextSeq 500	PAIRED	WGS	GENOMIC	unspecified	lib18020	Nextera XT		5447388	810304036	FORSCHUNGSZENTRUM BORSTEL;FZB	2023-03-22
production	SAMEA1403712	ERR117466	SAMEA1403712	ERS066715	PRJEB2138	ILLUMINA	Illumina HiSeq 2000	PAIRED	WGS	GENOMIC	RANDOM	3989400	Standard	261	10092538	2018507600	Wellcome Sanger Institute;SC	2012-04-30
production	SAMEA114663527	ERR12311984	SAMEA114663527	ERS17079394	PRJEB29446	ILLUMINA	NextSeq 550	PAIRED	WGS	GENOMIC	RANDOM				3609120	538147247	NATIONAL INSTITUTE OF HEALTH DR. RICARDO JORGE	2023-11-22
production	SAMEA115163098	ERR12544121	SAMEA115163098	ERS17970893	PRJEB29446	ILLUMINA	NextSeq 550	PAIRED	WGS	GENOMIC	RANDOM				3318304	490072276	NATIONAL INSTITUTE OF HEALTH DR. RICARDO JORGE	2024-01-30
production	SAMEA1403548	ERR144563	SAMEA1403548	ERS096438	PRJEB2138	ILLUMINA	Illumina HiSeq 2000	PAIRED	WGS	GENOMIC	RANDOM	4683779	Standard	234	6051790	1210358000	Wellcome Sanger Institute;SC	2012-06-25
production	SAMEA1397345	ERR2514860	SAMEA1397345	ERS2399450	PRJEB25991	ILLUMINA	Illumina HiSeq 2500	PAIRED	WGS	GENOMIC	RANDOM	FD/127/5602. PHE. 13.0606187. 1			2338462	701046598	University of Oxford;Nuffield Department of Medicine (NDM);PHE	2018-09-24
production	SAMEA2143857	ERR403274	SAMEA2143857	ERS327617	PRJEB2138	ILLUMINA	Illumina HiSeq 2000	PAIRED	WGS	GENOMIC	RANDOM	8206436	Standard	280	3758110	375811000	Wellcome Sanger Institute;SC	2014-01-07
production	SAMEA112806923	ERR11049836	SAMEA112806923	ERS14814469	PRJEB9680	ILLUMINA	NextSeq 500	PAIRED	WGS	GENOMIC	unspecified	lib34612	Nextera XT		5392624	795071458	FORSCHUNGSZENTRUM BORSTEL;FZB	2023-03-21
production	SAMEA112805385	ERR11081584	SAMEA112805385	ERS14812931	PRJEB9680	ILLUMINA	NextSeq 500	PAIRED	WGS	GENOMIC	unspecified	lib13005	Nextera XT		4037060	598262986	FORSCHUNGSZENTRUM BORSTEL;FZB	2023-03-22
production	SAMEA112805712	ERR11081993	SAMEA112805712	ERS14813258	PRJEB9680	ILLUMINA	NextSeq 500	PAIRED	WGS	GENOMIC	unspecified	lib10882	Nextera XT		5798232	846862073	FORSCHUNGSZENTRUM BORSTEL;FZB	2023-03-22
production	SAMEA112806509	ERR11082874	SAMEA112806509	ERS14814055	PRJEB9680	ILLUMINA	NextSeq 500	PAIRED	WGS	GENOMIC	unspecified	lib12501	Nextera XT		6288366	923788296	FORSCHUNGSZENTRUM BORSTEL;FZB	2023-03-22
production	SAMEA1403746	ERR144544	SAMEA1403746	ERS096419	PRJEB2138	ILLUMINA	Illumina HiSeq 2000	PAIRED	WGS	GENOMIC	RANDOM	4683760	Standard	234	2392057	478411400	Wellcome Sanger Institute;SC	2012-06-25
production	SAMEA1707366	ERR227984	SAMEA1707366	ERS181378	PRJEB2138	ILLUMINA	Illumina HiSeq 2000	PAIRED	WGS	GENOMIC	RANDOM	6179084	Standard	247	1661715	332343000	Wellcome Sanger Institute;SC	2013-02-11
production	SAMEA2533398	ERR550694	SAMEA2533398	ERS456800	PRJEB9545	ILLUMINA	Illumina HiSeq 2500	PAIRED	WGS	GENOMIC	unspecified	2201-99_lib1240_hpi_2014-01-14_150bp	Nextera XT	700	590794	177238200	FORSCHUNGSZENTRUM BORSTEL;FZB	2015-08-04
production	SAMEA2534024	ERR551555	SAMEA2534024	ERS457426	PRJEB9680	ILLUMINA	Illumina HiSeq 2500	PAIRED	WGS	GENOMIC	unspecified	33-11_genoscreen_genoscreen_2013-03-28_101bp	Nextera	700	7191489	1452680778	FORSCHUNGSZENTRUM BORSTEL;FZB	2015-06-24
production	SAMEA2534027	ERR551560	SAMEA2534027	ERS457429	PRJEB6273	ILLUMINA	Illumina MiSeq	PAIRED	WGS	GENOMIC	unspecified	6461-99_lib194_miseq_r0022_251bp	Nextera XT	700	1966764	873143279	FORSCHUNGSZENTRUM BORSTEL;FZB	2016-06-13
production	SAMEA2534084	ERR551634	SAMEA2534084	ERS457486	PRJEB9680	ILLUMINA	Illumina HiSeq 2500	PAIRED	WGS	GENOMIC	unspecified	9703-04_lib1374_hpi_2013-11-14_150bp	Nextera XT	700	588861	176658300	FORSCHUNGSZENTRUM BORSTEL;FZB	2015-06-24
production	SAMEA112806867	ERR11049353	SAMEA112806867	ERS14814413	PRJEB9680	ILLUMINA	NextSeq 500	PAIRED	WGS	GENOMIC	unspecified	lib33041	Nextera XT		3377756	500631581	FORSCHUNGSZENTRUM BORSTEL;FZB	2023-03-21
production	SAMEA112806219	ERR11082573	SAMEA112806219	ERS14813765	PRJEB9680	ILLUMINA	NextSeq 500	PAIRED	WGS	GENOMIC	unspecified	lib12898	Nextera XT		4307116	639106439	FORSCHUNGSZENTRUM BORSTEL;FZB	2023-03-22
production	SAMEA112806503	ERR11082868	SAMEA112806503	ERS14814049	PRJEB9680	ILLUMINA	NextSeq 500	PAIRED	WGS	GENOMIC	unspecified	lib13773	Nextera XT		4886862	724794277	FORSCHUNGSZENTRUM BORSTEL;FZB	2023-03-22
production	SAMEA112806542	ERR11082907	SAMEA112806542	ERS14814088	PRJEB9680	ILLUMINA	NextSeq 500	PAIRED	WGS	GENOMIC	unspecified	lib12882	Nextera XT		5419716	801064468	FORSCHUNGSZENTRUM BORSTEL;FZB	2023-03-22
production	SAMEA112806724	ERR11083094	SAMEA112806724	ERS14814270	PRJEB9680	ILLUMINA	NextSeq 500	PAIRED	WGS	GENOMIC	unspecified	lib26667	Nextera XT		3721286	523023756	FORSCHUNGSZENTRUM BORSTEL;FZB	2023-03-22
production	SAMEA114493551	ERR12117934	SAMEA114493551	ERS16475209	PRJEB9680	ILLUMINA	NextSeq 500	PAIRED	WGS	GENOMIC	unspecified	ERA-45_lib20490	Nextera XT		4499166	661792440	FORSCHUNGSZENTRUM BORSTEL;FZB	2023-10-12
production	SAMEA1403730	ERR133910	SAMEA1403730	ERS094199	PRJEB2138	ILLUMINA	Illumina HiSeq 2000	PAIRED	WGS	GENOMIC	RANDOM	4683918	Standard	248	4933225	986645000	Wellcome Sanger Institute;SC	2012-06-06
production	SAMEA1404004	ERR137223	SAMEA1404004	ERS096353	PRJEB2138	ILLUMINA	Illumina HiSeq 2000	PAIRED	WGS	GENOMIC	RANDOM	4669489	Standard	248	4699293	939858600	Wellcome Sanger Institute;SC	2012-06-11
production	SAMEA1707484	ERR229935	SAMEA1707484	ERS181484	PRJEB2138	ILLUMINA	Illumina HiSeq 2000	PAIRED	WGS	GENOMIC	RANDOM	6179199	Standard	244	2246665	449333000	Wellcome Sanger Institute;SC	2013-02-18
production	SAMEA2533398	ERR550693	SAMEA2533398	ERS456800	PRJEB9545	ILLUMINA	Illumina HiSeq 2500	PAIRED	WGS	GENOMIC	unspecified	2201-99_lib1240_hpi_2013-11-14_150bp	Nextera XT	700	996383	298914900	FORSCHUNGSZENTRUM BORSTEL;FZB	2015-08-04
production	SAMEA2534084	ERR551635	SAMEA2534084	ERS457486	PRJEB9680	ILLUMINA	Illumina HiSeq 2500	PAIRED	WGS	GENOMIC	unspecified	9703-04_lib1374_hpi_2014-01-14_150bp	Nextera XT	700	317197	95159100	FORSCHUNGSZENTRUM BORSTEL;FZB	2015-06-24
production	SAMEA1403996	ERR108441	SAMEA1403996	ERS066621	PRJEB2138	ILLUMINA	Illumina HiSeq 2000	PAIRED	WGS	GENOMIC	RANDOM	3950473	Standard	265	2503778	500755600	Wellcome Sanger Institute;SC	2012-04-17
production	SAMEA114396016	ERR12057467	SAMEA114396016	ERS16385079	PRJEB29446	ILLUMINA	NextSeq 550	PAIRED	WGS	GENOMIC	RANDOM				2138474	313637985	NATIONAL INSTITUTE OF HEALTH DR. RICARDO JORGE	2023-09-18
production	SAMEA115412500	ERR12745254	SAMEA115412500	ERS18433081	PRJEB29446	ILLUMINA	NextSeq 2000	PAIRED	WGS	GENOMIC	RANDOM				1775968	260054168	NATIONAL INSTITUTE OF HEALTH DR. RICARDO JORGE	2024-03-14
production	SAMEA2533482	ERR550803	SAMEA2533482	ERS456884	PRJEB9680	ILLUMINA	Illumina HiSeq 2500	PAIRED	WGS	GENOMIC	unspecified	11468-12_genoscreen_genoscreen_2013-10-31_101bp	Nextera	700	4442267	897337934	FORSCHUNGSZENTRUM BORSTEL;FZB	2015-06-24
production	SAMEA112806117	ERR11082414	SAMEA112806117	ERS14813663	PRJEB9680	ILLUMINA	NextSeq 500	PAIRED	WGS	GENOMIC	unspecified	lib16680	Nextera XT		4450566	661599521	FORSCHUNGSZENTRUM BORSTEL;FZB	2023-03-22
production	SAMEA2534372	ERR552043	SAMEA2534372	ERS457774	PRJEB9680	ILLUMINA	Illumina HiSeq 2500	PAIRED	WGS	GENOMIC	unspecified	6372-05_genoscreen_genoscreen_2013-10-31_101bp	Nextera	700	2633993	532066586	FORSCHUNGSZENTRUM BORSTEL;FZB	2015-06-24
production	SAMEA2534914	ERR552802	SAMEA2534914	ERS458316	PRJEB6273	ILLUMINA	Illumina MiSeq	PAIRED	WGS	GENOMIC	unspecified	14410-13_lib1648_miseq_r0099_301bp	Nextera XT	700	604607	354562762	FORSCHUNGSZENTRUM BORSTEL;FZB	2016-06-13
production	SAMEA2535185	ERR553168	SAMEA2535185	ERS458587	PRJEB9680	ILLUMINA	Illumina HiSeq 2500	PAIRED	WGS	GENOMIC	unspecified	11366-03_lib744_hpi_2013-12-19_150bp	Nextera XT	700	527425	158227500	FORSCHUNGSZENTRUM BORSTEL;FZB	2015-06-24
production	SAMEA3671405	ERR1193743	SAMEA3671405	ERS978554	PRJEB11460	ILLUMINA	Illumina HiSeq 2500	PAIRED	WGS	GENOMIC	RANDOM	unspecified	Nextera XT	500	1896965	952276430	UNIVERSITY OF BASEL	2016-09-19
production	SAMEA3334370	ERR2516126	SAMEA3334370	ERS2400804	PRJEB25998	ILLUMINA	Illumina MiSeq	PAIRED	WGS	GENOMIC	RANDOM	ES_G191. FISABIO. G191. 1			949849	372721706	University of Oxford;Nuffield Department of Medicine (NDM);FISABIO	2018-09-24
production	SAMEA4744340	ERR2653134	SAMEA4744340	ERS2564451	PRJEB27366	ILLUMINA	Illumina MiSeq	PAIRED	WGS	GENOMIC	RANDOM	unspecified		300	5265359	1590138418	NORWEGIAN INSTITUTE OF PUBLIC HEALTH	2018-06-19
production	SAMEA5190504	ERR3014611	SAMEA5190504	ERS2997997	PRJEB30463	ILLUMINA	NextSeq 500	PAIRED	WGS	GENOMIC	PCR	unspecified		151	1753656	515339030	SAN RAFFAELE RESEARCH INSTITUTE	2018-12-19
production	SAMEA3493144	ERR972797	SAMEA3493144	ERS800293	PRJEB9976	ILLUMINA	Illumina HiSeq 2000	PAIRED	WGS	GENOMIC	RANDOM	R912_C11		350	4078449	823846698	STELLENBOSCH UNIVERSITY	2015-09-26
production	SAMEA2534930	ERR552825	SAMEA2534930	ERS458332	PRJEB9680	ILLUMINA	Illumina HiSeq 2500	PAIRED	WGS	GENOMIC	unspecified	10413-11_genoscreen_genoscreen_2013-10-31_101bp	Nextera	700	3508272	708670944	FORSCHUNGSZENTRUM BORSTEL;FZB	2015-06-24
production	SAMEA3671431	ERR1193784	SAMEA3671431	ERS978580	PRJEB11460	ILLUMINA	Illumina HiSeq 2500	PAIRED	WGS	GENOMIC	RANDOM	unspecified	Nextera XT	500	4485110	905992220	UNIVERSITY OF BASEL	2016-09-19
production	SAMEA3179973	ERR2515529	SAMEA3179973	ERS2400128	PRJEB25997	ILLUMINA	Illumina MiSeq	PAIRED	WGS	GENOMIC	RANDOM	SABR00069990_S23. CTB/NICD. BR00069990_S23. 1			624678	320811866	University of Oxford;Nuffield Department of Medicine (NDM);CTB/NICD	2018-09-24
production	SAMEA3432850	ERR2516909	SAMEA3432850	ERS2401586	PRJEB26001	ILLUMINA	Illumina HiSeq 2500	PAIRED	WGS	GENOMIC	RANDOM	1024754. PHE. H112040005. 1			695107	209922314	University of Oxford;Nuffield Department of Medicine (NDM);PHE	2018-09-24
production	SAMEA4744341	ERR2653135	SAMEA4744341	ERS2564452	PRJEB27366	ILLUMINA	Illumina MiSeq	PAIRED	WGS	GENOMIC	RANDOM	unspecified		300	5896090	1780619180	NORWEGIAN INSTITUTE OF PUBLIC HEALTH	2018-06-19
production	SAMEA2534089	ERR551646	SAMEA2534089	ERS457491	PRJEB9680	ILLUMINA	Illumina HiSeq 2500	PAIRED	WGS	GENOMIC	unspecified	5414-12_genoscreen_genoscreen_2013-10-31_101bp	Nextera	700	2417037	488241474	FORSCHUNGSZENTRUM BORSTEL;FZB	2015-06-24
production	SAMEA2534898	ERR552778	SAMEA2534898	ERS458300	PRJEB6273	ILLUMINA	Illumina HiSeq 2500	PAIRED	WGS	GENOMIC	unspecified	2108-06_lib765_hpi_2013-11-11_150bp	Nextera XT	700	173979	52193700	FORSCHUNGSZENTRUM BORSTEL;FZB	2016-06-13
production	SAMEA2534898	ERR552779	SAMEA2534898	ERS458300	PRJEB6273	ILLUMINA	Illumina HiSeq 2500	PAIRED	WGS	GENOMIC	unspecified	2108-06_lib765_hpi_r0087_301bp	Nextera XT	700	834098	459312001	FORSCHUNGSZENTRUM BORSTEL;FZB	2016-06-13
production	SAMEA3401971	ERR2516506	SAMEA3401971	ERS2401184	PRJEB26000	ILLUMINA	Illumina HiSeq 2500	PAIRED	WGS	GENOMIC	RANDOM	Netherlands_NLA009601659. Harvard Medical School. NLA009601659. 1			1915591	383974394	University of Oxford;Nuffield Department of Medicine (NDM);Harvard Medical School	2018-09-24
production	SAMEA3436388	ERR2516943	SAMEA3436388	ERS2401620	PRJEB26001	ILLUMINA	Illumina HiSeq 2500	PAIRED	WGS	GENOMIC	RANDOM	1000595. PHE. H123460044. 1			1383944	417951088	University of Oxford;Nuffield Department of Medicine (NDM);PHE	2018-09-24
production	SAMEA3443361	ERR2517055	SAMEA3443361	ERS2401732	PRJEB26001	ILLUMINA	Illumina HiSeq 2500	PAIRED	WGS	GENOMIC	RANDOM	1099368. PHE. H114840035. 1			767822	231882244	University of Oxford;Nuffield Department of Medicine (NDM);PHE	2018-09-24
production	SAMEA4774516	ERR2679277	SAMEA4774516	ERS2594468	PRJEB27446	ILLUMINA	Illumina MiSeq	PAIRED	WGS	GENOMIC	unspecified	unspecified		300	343869	187815664	BIRMINGHAM UNIVERSITY	2018-07-03
production	SAMEA2534343	ERR552003	SAMEA2534343	ERS457745	PRJEB6273	ILLUMINA	Illumina MiSeq	PAIRED	WGS	GENOMIC	unspecified	8565-12_lib1482_miseq_r0082_251bp	Nextera XT	700	978024	481013760	FORSCHUNGSZENTRUM BORSTEL;FZB	2016-06-13
production	SAMEA2534898	ERR552777	SAMEA2534898	ERS458300	PRJEB6273	ILLUMINA	Illumina HiSeq 2500	PAIRED	WGS	GENOMIC	unspecified	2108-06_lib765_hpi_2013-12-19_150bp	Nextera XT	700	245002	73500600	FORSCHUNGSZENTRUM BORSTEL;FZB	2016-06-13
production	SAMEA2535054	ERR552993	SAMEA2535054	ERS458456	PRJEB6273	ILLUMINA	Illumina MiSeq	PAIRED	WGS	GENOMIC	unspecified	6267-09_lib431_miseq_r0031_251bp	Nextera XT	700	424717	206713558	FORSCHUNGSZENTRUM BORSTEL;FZB	2016-06-13
production	SAMEA2535185	ERR553169	SAMEA2535185	ERS458587	PRJEB9680	ILLUMINA	Illumina HiSeq 2500	PAIRED	WGS	GENOMIC	unspecified	11366-03_lib744_hpi_2013-11-11_150bp	Nextera XT	700	291506	87451800	FORSCHUNGSZENTRUM BORSTEL;FZB	2015-06-24
production	SAMEA2535054	ERR552994	SAMEA2535054	ERS458456	PRJEB6273	ILLUMINA	Illumina MiSeq	PAIRED	WGS	GENOMIC	unspecified	6267-09_lib431_miseq_r0038_251bp	Nextera XT	700	527838	259579715	FORSCHUNGSZENTRUM BORSTEL;FZB	2016-06-13
production	SAMEA3558771	ERR1035238	SAMEA3558771	ERS865920	PRJEB10385	ILLUMINA	Illumina MiSeq	PAIRED	WGS	GENOMIC	unspecified	unspecified		350	3885288	722663568	LSHTM	2015-10-06
production	SAMEA3558846	ERR1035313	SAMEA3558846	ERS865995	PRJEB10385	ILLUMINA	Illumina MiSeq	PAIRED	WGS	GENOMIC	unspecified	unspecified		350	3281699	603832616	LSHTM	2015-10-06
production	SAMEA3671255	ERR1193845	SAMEA3671255	ERS978404	PRJEB11460	ILLUMINA	Illumina HiSeq 2500	PAIRED	WGS	GENOMIC	RANDOM	unspecified	Nextera XT	500	1015511	570412883	UNIVERSITY OF BASEL	2016-09-19
production	SAMEA3359346	ERR2516193	SAMEA3359346	ERS2400871	PRJEB25999	ILLUMINA	Illumina HiSeq 2500	PAIRED	WGS	GENOMIC	RANDOM	BE-145. Genoscreen. 13MY1143. 1			2676017	489044333	University of Oxford;Nuffield Department of Medicine (NDM);Genoscreen	2018-09-24
production	SAMEA3367538	ERR2516237	SAMEA3367538	ERS2400915	PRJEB25999	ILLUMINA	Illumina HiSeq 2500	PAIRED	WGS	GENOMIC	RANDOM	BE-10. Genoscreen. 07MY0789. 1			4082861	814541019	University of Oxford;Nuffield Department of Medicine (NDM);Genoscreen	2018-09-24
production	SAMEA3375493	ERR2516308	SAMEA3375493	ERS2400986	PRJEB25999	ILLUMINA	Illumina HiSeq 2500	PAIRED	WGS	GENOMIC	RANDOM	BE-75. Genoscreen. 13MY0049. 1			9073397	1818411034	University of Oxford;Nuffield Department of Medicine (NDM);Genoscreen	2018-09-24
production	SAMEA4744313	ERR2653193	SAMEA4744313	ERS2564424	PRJEB27366	ILLUMINA	Illumina MiSeq	PAIRED	WGS	GENOMIC	RANDOM	unspecified		300	4874483	1472093866	NORWEGIAN INSTITUTE OF PUBLIC HEALTH	2018-06-19
production	SAMEA5076070	ERR2884626	SAMEA5076070	ERS2887434	PRJEB29604	ILLUMINA	Illumina HiSeq 2500	PAIRED	WGS	GENOMIC	RANDOM			100	1116614	430719384	FISABIO;Instituto de Biomedicina de Valencia	2019-09-23
production	SAMEA3715739	ERR1367621	SAMEA3715739	ERS1022888	PRJEB12179	ILLUMINA	Illumina HiSeq 2500	PAIRED	WGS	GENOMIC	RANDOM	unspecified	Nextera XT	500	4098472	827891344	UNIVERSITY OF BASEL	2016-04-21
production	SAMEA3715437	ERR1465917	SAMEA3715437	ERS1022586	PRJEB11460	ILLUMINA	Illumina HiSeq 2500	PAIRED	WGS	GENOMIC	RANDOM	unspecified	Nextera XT	500	5625078	1136265756	UNIVERSITY OF BASEL	2016-09-19
production	SAMEA3340431	ERR2516144	SAMEA3340431	ERS2400822	PRJEB25998	ILLUMINA	Illumina MiSeq	PAIRED	WGS	GENOMIC	RANDOM	ES_G182. FISABIO. G182. 1			1281115	522247842	University of Oxford;Nuffield Department of Medicine (NDM);FISABIO	2018-09-24
production	SAMEA3416671	ERR2516704	SAMEA3416671	ERS2401382	PRJEB26000	ILLUMINA	Illumina HiSeq 2500	PAIRED	WGS	GENOMIC	RANDOM	Peru_02-R0812. Harvard Medical School. 02-R0812. 1			2055596	365557666	University of Oxford;Nuffield Department of Medicine (NDM);Harvard Medical School	2018-09-24
production	SAMEA3446743	ERR2517294	SAMEA3446743	ERS2401972	PRJEB26002	ILLUMINA	Illumina HiSeq 2500	PAIRED	WGS	GENOMIC	RANDOM	RIVM_484. RIVM. NL194. 1			1047016	256901506	University of Oxford;Nuffield Department of Medicine (NDM);RIVM	2018-09-24
production	SAMEA4744166	ERR2652920	SAMEA4744166	ERS2564278	PRJEB27366	ILLUMINA	Illumina MiSeq	PAIRED	WGS	GENOMIC	RANDOM	unspecified		300	1743190	209182800	NORWEGIAN INSTITUTE OF PUBLIC HEALTH	2018-06-19
production	SAMEA4798827	ERR2707112	SAMEA4798827	ERS2618747	PRJEB27847	ILLUMINA	NextSeq 500	PAIRED	WGS	GENOMIC	RANDOM	unspecified		151	2195040	656657915	Institute of tropical medicine	2018-09-29
production	SAMEA5190499	ERR3014605	SAMEA5190499	ERS2997992	PRJEB30463	ILLUMINA	NextSeq 500	PAIRED	WGS	GENOMIC	PCR	unspecified		151	1045272	309605256	SAN RAFFAELE RESEARCH INSTITUTE	2018-12-19
production	SAMEA2534914	ERR552801	SAMEA2534914	ERS458316	PRJEB6273	ILLUMINA	Illumina MiSeq	PAIRED	WGS	GENOMIC	unspecified	14410-13_lib1648_miseq_r0098_301bp	Nextera XT	700	291515	171575094	FORSCHUNGSZENTRUM BORSTEL;FZB	2016-06-13
production	SAMEA2535350	ERR553378	SAMEA2535350	ERS458752	PRJEB6273	ILLUMINA	Illumina MiSeq	PAIRED	WGS	GENOMIC	unspecified	1418-01_lib1630_miseq_r0090_301bp	Nextera XT	700	537271	311782900	FORSCHUNGSZENTRUM BORSTEL;FZB	2016-06-13
production	SAMEA3506680	ERR985426	SAMEA3506680	ERS813829	PRJEB9976	ILLUMINA	Illumina HiSeq 2000	PAIRED	WGS	GENOMIC	RANDOM	R912		350	1511499	803214433	STELLENBOSCH UNIVERSITY	2015-09-26
production	SAMEA3512750	ERR987734	SAMEA3512750	ERS819899	PRJEB10533	ILLUMINA	Illumina HiSeq 2000	PAIRED	WGS	GENOMIC	RANDOM	579	illumina Truseq	250	997686	165615876	Institute of Tropical Medicine	2016-03-21
production	SAMEA5282389	ERR3132139	SAMEA5282389	ERS3089657	PRJEB31023	ILLUMINA	Illumina HiSeq 2500	PAIRED	WGS	GENOMIC	unspecified	unspecified		250	699306	340627411	Institute of tropical medicine	2019-05-30
production	SAMEA5282500	ERR3132250	SAMEA5282500	ERS3089768	PRJEB31023	ILLUMINA	Illumina HiSeq 2500	PAIRED	WGS	GENOMIC	unspecified	unspecified		250	929824	456534728	Institute of tropical medicine	2019-05-30
production	SAMEA5569537	ERR3287344	SAMEA5569537	ERS3371559	PRJEB32234	ILLUMINA	Illumina HiSeq 4000	PAIRED	WGS	GENOMIC	RANDOM	PMOP-0524. Universidad Peruana Cayetano Heredia, Peru. MOP-041. 1			1467368	440210400	University of Oxford;Nuffield Department of Medicine (NDM);Universidad Peruana Cayetano Heredia;Peru	2019-05-09
production	SAMEA5569597	ERR3287404	SAMEA5569597	ERS3371619	PRJEB32234	ILLUMINA	Illumina HiSeq 4000	PAIRED	WGS	GENOMIC	RANDOM	PMOP-0585. Universidad Peruana Cayetano Heredia, Peru. MOP-133. 1			1823389	547016700	University of Oxford;Nuffield Department of Medicine (NDM);Universidad Peruana Cayetano Heredia;Peru	2019-05-09
production	SAMEA5854699	ERR3470541	SAMEA5854699	ERS3643221	PRJEB33896	ILLUMINA	NextSeq 500	PAIRED	WGS	GENOMIC	unspecified	14118-14_lib5152	Nextera XT	700	4050000	1048801237	FORSCHUNGSZENTRUM BORSTEL;FZB	2019-11-29
production	SAMEA7525085	ERR4796629	SAMEA7525085	ERS5281560	PRJEB41116	ILLUMINA	NextSeq 500	PAIRED	WGS	GENOMIC	RANDOM	00501. Foundation for Medical Research India. 703351. 1			4828410	724261500	University of Oxford;Nuffield Department of Medicine (NDM);Foundation for Medical Research India	2021-10-20
production	SAMEA7526294	ERR4797741	SAMEA7526294	ERS5282767	PRJEB41116	ILLUMINA	NextSeq 500	PAIRED	WGS	GENOMIC	RANDOM	01556. Foundation for Medical Research India. 729226. 1			14688114	2203217100	University of Oxford;Nuffield Department of Medicine (NDM);Foundation for Medical Research India	2021-10-20
production	SAMEA7526457	ERR4797904	SAMEA7526457	ERS5282930	PRJEB41116	ILLUMINA	NextSeq 500	PAIRED	WGS	GENOMIC	RANDOM	01704. Foundation for Medical Research India. 731171. 1			4024808	603721200	University of Oxford;Nuffield Department of Medicine (NDM);Foundation for Medical Research India	2021-10-20
production	SAMEA7526788	ERR4798231	SAMEA7526788	ERS5283260	PRJEB41116	ILLUMINA	NextSeq 500	PAIRED	WGS	GENOMIC	RANDOM	02038. Foundation for Medical Research India. 803241. 1			4402886	664835786	University of Oxford;Nuffield Department of Medicine (NDM);Foundation for Medical Research India	2021-10-20
production	SAMEA7526845	ERR4798287	SAMEA7526845	ERS5283317	PRJEB41116	ILLUMINA	NextSeq 500	PAIRED	WGS	GENOMIC	RANDOM	02074. Foundation for Medical Research India. 805221. 1			3594608	542785808	University of Oxford;Nuffield Department of Medicine (NDM);Foundation for Medical Research India	2021-10-20
production	SAMEA7526939	ERR4798381	SAMEA7526939	ERS5283411	PRJEB41116	ILLUMINA	NextSeq 500	PAIRED	WGS	GENOMIC	RANDOM	02194. Foundation for Medical Research India. 801805. 1			2560564	386645164	University of Oxford;Nuffield Department of Medicine (NDM);Foundation for Medical Research India	2021-10-20
production	SAMEA7527002	ERR4798444	SAMEA7527002	ERS5283474	PRJEB41116	ILLUMINA	NextSeq 500	PAIRED	WGS	GENOMIC	RANDOM	02240. Foundation for Medical Research India. 804722. 1			4181228	631365428	University of Oxford;Nuffield Department of Medicine (NDM);Foundation for Medical Research India	2021-10-20
production	SAMEA7527102	ERR4798542	SAMEA7527102	ERS5283574	PRJEB41116	ILLUMINA	NextSeq 500	PAIRED	WGS	GENOMIC	RANDOM	02322. Foundation for Medical Research India. 807656. 1			3604732	544314532	University of Oxford;Nuffield Department of Medicine (NDM);Foundation for Medical Research India	2021-10-20
production	SAMEA5569582	ERR3287389	SAMEA5569582	ERS3371604	PRJEB32234	ILLUMINA	Illumina HiSeq 4000	PAIRED	WGS	GENOMIC	RANDOM	PMOP-0570. Universidad Peruana Cayetano Heredia, Peru. MOP-113. 1			1829653	548895900	University of Oxford;Nuffield Department of Medicine (NDM);Universidad Peruana Cayetano Heredia;Peru	2019-05-09
production	SAMEA5569917	ERR3287724	SAMEA5569917	ERS3371939	PRJEB32234	ILLUMINA	Illumina HiSeq 4000	PAIRED	WGS	GENOMIC	RANDOM	PMFR-0666. Universidad Peruana Cayetano Heredia, Peru. MFR-025. 1			2031270	609381000	University of Oxford;Nuffield Department of Medicine (NDM);Universidad Peruana Cayetano Heredia;Peru	2019-05-09
production	SAMEA7184573	ERR4457800	SAMEA7184573	ERS4944815	PRJEB39837	ILLUMINA	Illumina HiSeq 2000	PAIRED	WGS	GENOMIC	RANDOM		Standard	300	927906	280227612	University College London;IMPERIAL COLLEGE LONDON	2020-09-30
production	SAMEA7425189	ERR4676890	SAMEA7425189	ERS5183409	PRJEB29446	ILLUMINA	NextSeq 550	PAIRED	WGS	GENOMIC	RANDOM			150	2412592	357112539	NATIONAL INSTITUTE OF HEALTH DR. RICARDO JORGE	2020-10-13
production	SAMEA7526552	ERR4797999	SAMEA7526552	ERS5283025	PRJEB41116	ILLUMINA	NextSeq 500	PAIRED	WGS	GENOMIC	RANDOM	01729. Foundation for Medical Research India. 733852. 1			3598864	539829600	University of Oxford;Nuffield Department of Medicine (NDM);Foundation for Medical Research India	2021-10-20
production	SAMEA7526928	ERR4798370	SAMEA7526928	ERS5283400	PRJEB41116	ILLUMINA	NextSeq 500	PAIRED	WGS	GENOMIC	RANDOM	02056. Foundation for Medical Research India. 801035. 1			2875202	434155502	University of Oxford;Nuffield Department of Medicine (NDM);Foundation for Medical Research India	2021-10-20
production	SAMEA7527118	ERR4798558	SAMEA7527118	ERS5283590	PRJEB41116	ILLUMINA	NextSeq 500	PAIRED	WGS	GENOMIC	RANDOM	02329. Foundation for Medical Research India. 808422. 1			4021984	607319584	University of Oxford;Nuffield Department of Medicine (NDM);Foundation for Medical Research India	2021-10-20
production	SAMEA7171607	ERR4872048	SAMEA7171607	ERS4932051	PRJEB6273	ILLUMINA	NextSeq 500	PAIRED	WGS	GENOMIC	unspecified	7686-10_lib17972	Nextera XT	700	4658346	692758602	FORSCHUNGSZENTRUM BORSTEL;FZB	2020-11-25
production	SAMEA5282482	ERR3132232	SAMEA5282482	ERS3089750	PRJEB31023	ILLUMINA	Illumina HiSeq 2500	PAIRED	WGS	GENOMIC	unspecified	unspecified		250	917609	447414670	Institute of tropical medicine	2019-05-30
production	SAMEA5542062	ERR3256153	SAMEA5542062	ERS3344121	PRJEB31905	ILLUMINA	Illumina MiSeq	PAIRED	WGS	GENOMIC	PCR	unspecified		500	1170376	678750460	LSHTM	2019-07-22
production	SAMEA5542087	ERR3256178	SAMEA5542087	ERS3344146	PRJEB31905	ILLUMINA	Illumina MiSeq	PAIRED	WGS	GENOMIC	PCR	unspecified		500	869407	507636890	LSHTM	2019-07-22
production	SAMEA5570040	ERR3287846	SAMEA5570040	ERS3372061	PRJEB32234	ILLUMINA	Illumina HiSeq 4000	PAIRED	WGS	GENOMIC	RANDOM	PSLM-0788. Universidad Peruana Cayetano Heredia, Peru. SLM-046. 1			1803659	541097700	University of Oxford;Nuffield Department of Medicine (NDM);Universidad Peruana Cayetano Heredia;Peru	2019-05-09
production	SAMEA7184605	ERR4457832	SAMEA7184605	ERS4944847	PRJEB39837	ILLUMINA	Illumina HiSeq 2000	PAIRED	WGS	GENOMIC	RANDOM		Standard	300	860368	259831136	University College London;IMPERIAL COLLEGE LONDON	2020-09-30
production	SAMEA7526553	ERR4798000	SAMEA7526553	ERS5283026	PRJEB41116	ILLUMINA	NextSeq 500	PAIRED	WGS	GENOMIC	RANDOM	01821. Foundation for Medical Research India. 733867. 1			2731784	409767600	University of Oxford;Nuffield Department of Medicine (NDM);Foundation for Medical Research India	2021-10-20
production	SAMEA5282350	ERR3132100	SAMEA5282350	ERS3089618	PRJEB31023	ILLUMINA	Illumina HiSeq 2500	PAIRED	WGS	GENOMIC	unspecified	unspecified		250	1122577	542331946	Institute of tropical medicine	2019-05-30
production	SAMEA5282448	ERR3132198	SAMEA5282448	ERS3089716	PRJEB31023	ILLUMINA	Illumina HiSeq 2500	PAIRED	WGS	GENOMIC	unspecified	unspecified		250	972624	465564006	Institute of tropical medicine	2019-05-30
production	SAMEA5570048	ERR3287854	SAMEA5570048	ERS3372069	PRJEB32234	ILLUMINA	Illumina HiSeq 4000	PAIRED	WGS	GENOMIC	RANDOM	PSLM-0799. Universidad Peruana Cayetano Heredia, Peru. SLM-058. 1			1791434	537430200	University of Oxford;Nuffield Department of Medicine (NDM);Universidad Peruana Cayetano Heredia;Peru	2019-05-09
production	SAMEA7524871	ERR4796415	SAMEA7524871	ERS5281346	PRJEB41116	ILLUMINA	NextSeq 500	PAIRED	WGS	GENOMIC	RANDOM	00160. Foundation for Medical Research India. 633080. 1			4528568	679285200	University of Oxford;Nuffield Department of Medicine (NDM);Foundation for Medical Research India	2021-10-20
production	SAMEA7525727	ERR4797185	SAMEA7525727	ERS5282201	PRJEB41116	ILLUMINA	NextSeq 500	PAIRED	WGS	GENOMIC	RANDOM	00984. Foundation for Medical Research India. 716765. 1			3767088	565063200	University of Oxford;Nuffield Department of Medicine (NDM);Foundation for Medical Research India	2021-10-20
production	SAMEA7526672	ERR4798117	SAMEA7526672	ERS5283144	PRJEB41116	ILLUMINA	NextSeq 500	PAIRED	WGS	GENOMIC	RANDOM	01809. Foundation for Medical Research India. 732755. 1			2551302	383144794	University of Oxford;Nuffield Department of Medicine (NDM);Foundation for Medical Research India	2021-10-20
production	SAMEA5570033	ERR3287839	SAMEA5570033	ERS3372054	PRJEB32234	ILLUMINA	Illumina HiSeq 4000	PAIRED	WGS	GENOMIC	RANDOM	PSLM-0781. Universidad Peruana Cayetano Heredia, Peru. SLM-037. 1			1860158	558047400	University of Oxford;Nuffield Department of Medicine (NDM);Universidad Peruana Cayetano Heredia;Peru	2019-05-09
production	SAMEA6153173	ERR3639754	SAMEA6153173	ERS3953207	PRJEB35201	ILLUMINA	Illumina MiSeq	PAIRED	WGS	GENOMIC	unspecified	10490-13_lib3063	Nextera XT	700	743039	424643119	ROBERT-KOCH INSTITUTE	2019-12-01
production	SAMEA6153185	ERR3639766	SAMEA6153185	ERS3953219	PRJEB35201	ILLUMINA	Illumina MiSeq	PAIRED	WGS	GENOMIC	unspecified	10505-13_lib3075	Nextera XT	700	732012	410600344	ROBERT-KOCH INSTITUTE	2019-12-01
production	SAMEA7184675	ERR4457901	SAMEA7184675	ERS4944916	PRJEB39837	ILLUMINA	Illumina HiSeq 2000	PAIRED	WGS	GENOMIC	RANDOM		Standard	300	872999	263645698	University College London;IMPERIAL COLLEGE LONDON	2020-09-30
production	SAMEA7525430	ERR4796888	SAMEA7525430	ERS5281904	PRJEB41116	ILLUMINA	NextSeq 500	PAIRED	WGS	GENOMIC	RANDOM	00764. Foundation for Medical Research India. 708067. 1			3733118	559967700	University of Oxford;Nuffield Department of Medicine (NDM);Foundation for Medical Research India	2021-10-20
production	SAMEA7526103	ERR4797552	SAMEA7526103	ERS5282576	PRJEB41116	ILLUMINA	NextSeq 500	PAIRED	WGS	GENOMIC	RANDOM	01284. Foundation for Medical Research India. 724646. 1			2972622	445893300	University of Oxford;Nuffield Department of Medicine (NDM);Foundation for Medical Research India	2021-10-20
production	SAMEA7526719	ERR4798163	SAMEA7526719	ERS5283191	PRJEB41116	ILLUMINA	NextSeq 500	PAIRED	WGS	GENOMIC	RANDOM	02040. Foundation for Medical Research India. 801183. 1			3288560	496572560	University of Oxford;Nuffield Department of Medicine (NDM);Foundation for Medical Research India	2021-10-20
production	SAMEA838028	ERR015611	SAMEA838028	ERS003232	PRJEB2138	ILLUMINA	Illumina Genome Analyzer II	PAIRED	OTHER	GENOMIC	RANDOM	STB0814350 89305	standard	225	22579956	2438635248	Wellcome Sanger Institute;SC	2010-07-08
production	SAMEA7527165	ERR4798605	SAMEA7527165	ERS5283637	PRJEB41116	ILLUMINA	NextSeq 500	PAIRED	WGS	GENOMIC	RANDOM	02829. Foundation for Medical Research India. 815886. 1			3723452	558517800	University of Oxford;Nuffield Department of Medicine (NDM);Foundation for Medical Research India	2021-10-20
production	SAMEA7528167	ERR4799583	SAMEA7528167	ERS5284638	PRJEB41116	ILLUMINA	NextSeq 500	PAIRED	WGS	GENOMIC	RANDOM	04349. Foundation for Medical Research India. 831732. 1			4652276	702493676	University of Oxford;Nuffield Department of Medicine (NDM);Foundation for Medical Research India	2021-10-20
production	SAMEA7528431	ERR4799846	SAMEA7528431	ERS5284901	PRJEB41116	ILLUMINA	NextSeq 500	PAIRED	WGS	GENOMIC	RANDOM	03409. Foundation for Medical Research India. 827123. 1			5024516	753677400	University of Oxford;Nuffield Department of Medicine (NDM);Foundation for Medical Research India	2021-10-20
production	SAMEA7528545	ERR4799960	SAMEA7528545	ERS5285015	PRJEB41116	ILLUMINA	NextSeq 500	PAIRED	WGS	GENOMIC	RANDOM	04649. Foundation for Medical Research India. 905712. 1			2988876	448331400	University of Oxford;Nuffield Department of Medicine (NDM);Foundation for Medical Research India	2021-10-20
production	SAMEA7528623	ERR4800038	SAMEA7528623	ERS5285093	PRJEB41116	ILLUMINA	NextSeq 500	PAIRED	WGS	GENOMIC	RANDOM	04852. Foundation for Medical Research India. 907752. 1			2642190	396328500	University of Oxford;Nuffield Department of Medicine (NDM);Foundation for Medical Research India	2021-10-20
production	SAMEA7529034	ERR4800448	SAMEA7529034	ERS5285503	PRJEB41116	ILLUMINA	NextSeq 500	PAIRED	WGS	GENOMIC	RANDOM	05488. Foundation for Medical Research India. 913048. 1			4924820	738723000	University of Oxford;Nuffield Department of Medicine (NDM);Foundation for Medical Research India	2021-10-20
production	SAMEA7529084	ERR4800498	SAMEA7529084	ERS5285553	PRJEB41116	ILLUMINA	NextSeq 500	PAIRED	WGS	GENOMIC	RANDOM	05647. Foundation for Medical Research India. 916529. 1			3228302	484245300	University of Oxford;Nuffield Department of Medicine (NDM);Foundation for Medical Research India	2021-10-20
production	SAMEA7545391	ERR4811888	SAMEA7545391	ERS5302048	PRJEB41199	ILLUMINA	Illumina HiSeq 4000	PAIRED	WGS	GENOMIC	RANDOM	LS-0730. Universidad Peruana Cayetano Heredia. LS-10352-18. 1			2655092	398263800	University of Oxford;Nuffield Department of Medicine (NDM);Universidad Peruana Cayetano Heredia	2021-10-20
production	SAMEA7546035	ERR4812531	SAMEA7546035	ERS5302691	PRJEB41199	ILLUMINA	Illumina NovaSeq 6000	PAIRED	WGS	GENOMIC	RANDOM	LS-1377. Universidad Peruana Cayetano Heredia. MA-00338-19. 1			5195106	784461006	University of Oxford;Nuffield Department of Medicine (NDM);Universidad Peruana Cayetano Heredia	2021-10-20
production	SAMEA7547067	ERR4813561	SAMEA7547067	ERS5303721	PRJEB41199	ILLUMINA	Illumina NovaSeq 6000	PAIRED	WGS	GENOMIC	RANDOM	LS-1731. Universidad Peruana Cayetano Heredia. MA-02322-19. 1			4348016	656550416	University of Oxford;Nuffield Department of Medicine (NDM);Universidad Peruana Cayetano Heredia	2021-10-20
production	SAMEA9976228	ERR6865531	SAMEA9976228	ERS7654507	PRJEB39837	ILLUMINA	Illumina HiSeq 2000	PAIRED	WGS	GENOMIC	RANDOM		Standard		2376398	358836098	University College London;IMPERIAL COLLEGE LONDON	2021-09-30
production	SAMEA95435668	ERR1873469	SAMEA95435668	ERS1565362	PRJEB14199	ILLUMINA	Illumina HiSeq 2000	PAIRED	WGS	GENOMIC	size fractionation	unspecified		100	3494262	702346662	UNIVERSITY OF CAPE TOWN	2017-03-07
production	SAMEA7527182	ERR4798622	SAMEA7527182	ERS5283654	PRJEB41116	ILLUMINA	NextSeq 500	PAIRED	WGS	GENOMIC	RANDOM	02714. Foundation for Medical Research India. 816578. 1			3934498	590174700	University of Oxford;Nuffield Department of Medicine (NDM);Foundation for Medical Research India	2021-10-20
production	SAMEA7529233	ERR4800647	SAMEA7529233	ERS5285702	PRJEB41116	ILLUMINA	NextSeq 500	PAIRED	WGS	GENOMIC	RANDOM	05833. Foundation for Medical Research India. BNG01502. 1			4953926	748042826	University of Oxford;Nuffield Department of Medicine (NDM);Foundation for Medical Research India	2021-10-20
production	SAMEA7545363	ERR4811860	SAMEA7545363	ERS5302020	PRJEB41199	ILLUMINA	Illumina HiSeq 4000	PAIRED	WGS	GENOMIC	RANDOM	CA-0380. Universidad Peruana Cayetano Heredia. CO-09976-18. 1			3765548	564832200	University of Oxford;Nuffield Department of Medicine (NDM);Universidad Peruana Cayetano Heredia	2021-10-20
production	SAMEA7546781	ERR4813276	SAMEA7546781	ERS5303436	PRJEB41199	ILLUMINA	Illumina NovaSeq 6000	PAIRED	WGS	GENOMIC	RANDOM	LS-1043. Universidad Peruana Cayetano Heredia. SJ-07378-18. 1			5924152	894546952	University of Oxford;Nuffield Department of Medicine (NDM);Universidad Peruana Cayetano Heredia	2021-10-20
production	SAMEA9976121	ERR6865425	SAMEA9976121	ERS7654401	PRJEB39837	ILLUMINA	Illumina HiSeq 2000	PAIRED	WGS	GENOMIC	RANDOM		Standard		2536782	383054082	University College London;IMPERIAL COLLEGE LONDON	2021-09-30
production	SAMEA9976473	ERR6865776	SAMEA9976473	ERS7654752	PRJEB39837	ILLUMINA	Illumina HiSeq 2000	PAIRED	WGS	GENOMIC	RANDOM		Standard		2076200	313506200	University College London;IMPERIAL COLLEGE LONDON	2021-09-30
production	SAMEA9976579	ERR6865882	SAMEA9976579	ERS7654858	PRJEB39837	ILLUMINA	Illumina HiSeq 2000	PAIRED	WGS	GENOMIC	RANDOM		Standard		2559520	386487520	University College London;IMPERIAL COLLEGE LONDON	2021-09-30
production	SAMEA9976757	ERR6866060	SAMEA9976757	ERS7655036	PRJEB39837	ILLUMINA	Illumina HiSeq 2000	PAIRED	WGS	GENOMIC	RANDOM		Standard		2582228	389916428	University College London;IMPERIAL COLLEGE LONDON	2021-09-30
production	SAMEA9976787	ERR6866090	SAMEA9976787	ERS7655066	PRJEB39837	ILLUMINA	Illumina HiSeq 2000	PAIRED	WGS	GENOMIC	RANDOM		Standard		2426920	366464920	University College London;IMPERIAL COLLEGE LONDON	2021-09-30
production	SAMEA837994	ERR027466	SAMEA837994	ERS009144	PRJEB2138	ILLUMINA	Illumina Genome Analyzer II	PAIRED	WGS	GENOMIC	RANDOM	NT204375W	Standard	185	4788357	550661055	Wellcome Sanger Institute;SC	2011-01-26
production	SAMEA7528259	ERR4799674	SAMEA7528259	ERS5284729	PRJEB41116	ILLUMINA	NextSeq 500	PAIRED	WGS	GENOMIC	RANDOM	04508. Foundation for Medical Research India. 904449. 1			3035386	458343286	University of Oxford;Nuffield Department of Medicine (NDM);Foundation for Medical Research India	2021-10-20
production	SAMEA7546001	ERR4812497	SAMEA7546001	ERS5302657	PRJEB41199	ILLUMINA	Illumina NovaSeq 6000	PAIRED	WGS	GENOMIC	RANDOM	LS-0984. Universidad Peruana Cayetano Heredia. MA-02857-18. 1			5121878	773403578	University of Oxford;Nuffield Department of Medicine (NDM);Universidad Peruana Cayetano Heredia	2021-10-20
production	SAMEA7546407	ERR4812902	SAMEA7546407	ERS5303062	PRJEB41199	ILLUMINA	Illumina NovaSeq 6000	PAIRED	WGS	GENOMIC	RANDOM	LS-0727. Universidad Peruana Cayetano Heredia. LS-04168-19. 1			4103988	619702188	University of Oxford;Nuffield Department of Medicine (NDM);Universidad Peruana Cayetano Heredia	2021-10-20
production	SAMEA7546668	ERR4813163	SAMEA7546668	ERS5303323	PRJEB41199	ILLUMINA	Illumina NovaSeq 6000	PAIRED	WGS	GENOMIC	RANDOM	LR-3069. Universidad Peruana Cayetano Heredia. CR-01119-16. 1			3192680	482094680	University of Oxford;Nuffield Department of Medicine (NDM);Universidad Peruana Cayetano Heredia	2021-10-20
production	SAMEA7546976	ERR4813470	SAMEA7546976	ERS5303630	PRJEB41199	ILLUMINA	Illumina NovaSeq 6000	PAIRED	WGS	GENOMIC	RANDOM	LR-2277. Universidad Peruana Cayetano Heredia. FN-01301-17. 1			2857312	431454112	University of Oxford;Nuffield Department of Medicine (NDM);Universidad Peruana Cayetano Heredia	2021-10-20
production	SAMEA9976739	ERR6866042	SAMEA9976739	ERS7655018	PRJEB39837	ILLUMINA	Illumina HiSeq 2000	PAIRED	WGS	GENOMIC	RANDOM		Standard		2536806	383057706	University College London;IMPERIAL COLLEGE LONDON	2021-09-30
production	SAMEA9977068	ERR6866370	SAMEA9977068	ERS7655346	PRJEB39837	ILLUMINA	Illumina HiSeq 2000	PAIRED	WGS	GENOMIC	RANDOM		Standard		1934116	292051516	University College London;IMPERIAL COLLEGE LONDON	2021-09-30
production	SAMEA837987;SAMEA837985;SAMEA837983;SAMEA837982;SAMEA837994;SAMEA837992;SAMEA837991;SAMEA837989;SAMEA837998;SAMEA837996;SAMEA837904;SAMEA837907	ERR027457	SAMEA837987;SAMEA837985;SAMEA837983;SAMEA837982;SAMEA837994;SAMEA837992;SAMEA837991;SAMEA837989;SAMEA837998;SAMEA837996;SAMEA837904;SAMEA837907	ERS009140;ERS009141;ERS009142;ERS009143;ERS009144;ERS009145;ERS009146;ERS009147;ERS009148;ERS009149;ERS009150;ERS009151	PRJEB2138	ILLUMINA	Illumina Genome Analyzer II	PAIRED	WGS	GENOMIC	RANDOM	SamaraTB B3 P6	Standard	188	231958	26675170	Wellcome Sanger Institute;SC	2011-01-26
production	SAMEA7528364	ERR4799779	SAMEA7528364	ERS5284834	PRJEB41116	ILLUMINA	NextSeq 500	PAIRED	WGS	GENOMIC	RANDOM	05373. Foundation for Medical Research India. NGP3216. 1			3550202	532530300	University of Oxford;Nuffield Department of Medicine (NDM);Foundation for Medical Research India	2021-10-20
production	SAMEA7528821	ERR4800236	SAMEA7528821	ERS5285291	PRJEB41116	ILLUMINA	NextSeq 500	PAIRED	WGS	GENOMIC	RANDOM	04967. Foundation for Medical Research India. 906705. 1			4392100	658815000	University of Oxford;Nuffield Department of Medicine (NDM);Foundation for Medical Research India	2021-10-20
production	SAMEA7546222	ERR4812717	SAMEA7546222	ERS5302877	PRJEB41199	ILLUMINA	Illumina NovaSeq 6000	PAIRED	WGS	GENOMIC	RANDOM	CA-1628. Universidad Peruana Cayetano Heredia. CO-02862-19. 1			7432808	1122354008	University of Oxford;Nuffield Department of Medicine (NDM);Universidad Peruana Cayetano Heredia	2021-10-20
production	SAMEA9977214	ERR6866516	SAMEA9977214	ERS7655492	PRJEB39837	ILLUMINA	Illumina HiSeq 2000	PAIRED	WGS	GENOMIC	RANDOM		Standard		2394224	361527824	University College London;IMPERIAL COLLEGE LONDON	2021-09-30
production	SAMEA7528361	ERR4799776	SAMEA7528361	ERS5284831	PRJEB41116	ILLUMINA	NextSeq 500	PAIRED	WGS	GENOMIC	RANDOM	05384. Foundation for Medical Research India. NGP302. 1			7628508	1144276200	University of Oxford;Nuffield Department of Medicine (NDM);Foundation for Medical Research India	2021-10-20
production	SAMEA7528419	ERR4799834	SAMEA7528419	ERS5284889	PRJEB41116	ILLUMINA	NextSeq 500	PAIRED	WGS	GENOMIC	RANDOM	03424. Foundation for Medical Research India. 826577. 1			6826090	1023913500	University of Oxford;Nuffield Department of Medicine (NDM);Foundation for Medical Research India	2021-10-20
production	SAMEA7528423	ERR4799838	SAMEA7528423	ERS5284893	PRJEB41116	ILLUMINA	NextSeq 500	PAIRED	WGS	GENOMIC	RANDOM	03539. Foundation for Medical Research India. 826817. 1			4004516	600677400	University of Oxford;Nuffield Department of Medicine (NDM);Foundation for Medical Research India	2021-10-20
production	SAMEA7545382	ERR4811879	SAMEA7545382	ERS5302039	PRJEB41199	ILLUMINA	Illumina HiSeq 4000	PAIRED	WGS	GENOMIC	RANDOM	LS-0614. Universidad Peruana Cayetano Heredia. SJ-06989-18. 1			2710466	406569900	University of Oxford;Nuffield Department of Medicine (NDM);Universidad Peruana Cayetano Heredia	2021-10-20
production	SAMEA7546862	ERR4813357	SAMEA7546862	ERS5303517	PRJEB41199	ILLUMINA	Illumina NovaSeq 6000	PAIRED	WGS	GENOMIC	RANDOM	LR-2164. Universidad Peruana Cayetano Heredia. FN-00306-16. 1			3973190	599951690	University of Oxford;Nuffield Department of Medicine (NDM);Universidad Peruana Cayetano Heredia	2021-10-20
production	SAMEA9976089	ERR6865393	SAMEA9976089	ERS7654369	PRJEB39837	ILLUMINA	Illumina HiSeq 2000	PAIRED	WGS	GENOMIC	RANDOM		Standard		2523036	380978436	University College London;IMPERIAL COLLEGE LONDON	2021-09-30
production	SAMN04276794	SRR3724954	SAMN04276794	SRS1528404	PRJNA300846	ILLUMINA	Illumina HiSeq 2500	SINGLE	WGS	GENOMIC	PCR	SM-ACLSH	WGS by Illumina Nextera LC		3622024	731648848		2016-06-29
production	SAMN05789102	SRR5153595	SAMN05789102	SRS1903464	PRJNA318002	ILLUMINA	Illumina HiSeq 2500	PAIRED	WGS	GENOMIC	RANDOM	SM-CWQM7	Low Input Nextera Library Construction		3192507	644886414		2017-01-08
production	SAMEA9977341	ERR6866643	SAMEA9977341	ERS7655619	PRJEB39837	ILLUMINA	Illumina HiSeq 2000	PAIRED	WGS	GENOMIC	RANDOM		Standard		2231910	337018410	University College London;IMPERIAL COLLEGE LONDON	2021-09-30
production	SAMN02414897	SRR1162834	SAMN02414897	SRS543514	PRJNA229262	ILLUMINA	Illumina HiSeq 2000	PAIRED	WGS	GENOMIC	RANDOM	Pond-319417		5000	1001525	202308050	BI	2014-02-25
production	SAMN02567731	SRR1166325	SAMN02567731	SRS555952	PRJNA233383	ILLUMINA	Illumina HiSeq 2000	PAIRED	WGS	GENOMIC	RANDOM	Pond-320018		200	5857094	1183132988	BI	2014-02-26
production	SAMN03647507	SRR2100334	SAMN03647507	SRS990460	PRJNA282721	ILLUMINA	Illumina HiSeq 2500	PAIRED	WGS	GENOMIC	RANDOM	C00008881			1906949	381389800		2015-11-03
production	SAMN03648618	SRR2101371	SAMN03648618	SRS991108	PRJNA282721	ILLUMINA	Illumina HiSeq 2500	PAIRED	WGS	GENOMIC	RANDOM	d9e6f89c-a4f6-42c6-96e7-e746a8326e9c			708399	360368157		2015-07-26
production	SAMN03648999	SRR2101752	SAMN03648999	SRS990908	PRJNA282721	ILLUMINA	Illumina HiSeq 2500	PAIRED	WGS	GENOMIC	RANDOM	30949b40-aa6f-49f8-996d-c07120c80771			597540	292832679		2015-11-03
production	SAMN04385770	SRR3082128	SAMN04385770	SRS1236473	PRJNA306588	ILLUMINA	Illumina HiSeq 2500	PAIRED	WGS	GENOMIC	RANDOM	223_15_WGS			2462896	497504992		2017-01-09
production	SAMN04385715	SRR3082144	SAMN04385715	SRS1236495	PRJNA306588	ILLUMINA	Illumina HiSeq 2500	PAIRED	WGS	GENOMIC	RANDOM	108_15_WGS			1038790	209835580		2017-01-09
production	SAMN03647246	SRR2100073	SAMN03647246	SRS991776	PRJNA282721	ILLUMINA	Illumina HiSeq 2500	PAIRED	WGS	GENOMIC	RANDOM	C00005292			5134038	770105700		2015-07-26
production	SAMN03647567	SRR2100394	SAMN03647567	SRS990404	PRJNA282721	ILLUMINA	Illumina HiSeq 2500	PAIRED	WGS	GENOMIC	RANDOM	C00009094			2784351	556870200		2015-07-24
production	SAMN03648657	SRR2101410	SAMN03648657	SRS991088	PRJNA282721	ILLUMINA	Illumina HiSeq 2500	PAIRED	WGS	GENOMIC	RANDOM	98ced4a5-8ce0-4af5-afa0-97547cf5d738			660088	370570825		2015-07-24
production	SAMN03649023	SRR2101776	SAMN03649023	SRS990836	PRJNA282721	ILLUMINA	Illumina HiSeq 2500	PAIRED	WGS	GENOMIC	RANDOM	36c2f391-0b11-4644-b6ca-1dfd2a69dbf0			554099	242598498		2015-11-03
production	SAMN01908809	SRR671785	SAMN01908809	SRS388878	PRJNA187550	ILLUMINA	Illumina HiSeq 2000	PAIRED	WGS	GENOMIC	PCR	MYCsdlDBXDFAPEI-130	Standard Solexa protocol	350	2933334	528000120	BGI	2013-08-21
production	SAMEA9977299	ERR6866601	SAMEA9977299	ERS7655577	PRJEB39837	ILLUMINA	Illumina HiSeq 2000	PAIRED	WGS	GENOMIC	RANDOM		Standard		2344140	353965140	University College London;IMPERIAL COLLEGE LONDON	2021-09-30
production	SAMEA9977650	ERR6866952	SAMEA9977650	ERS7655928	PRJEB39837	ILLUMINA	Illumina HiSeq 2000	PAIRED	WGS	GENOMIC	RANDOM		Standard		2186488	330159688	University College London;IMPERIAL COLLEGE LONDON	2021-09-30
production	SAMN02381023	SRR1140711	SAMN02381023	SRS515079	PRJNA223578	ILLUMINA	Illumina HiSeq 2000	PAIRED	WGS	GENOMIC	RANDOM	Pond-307525		180	2012585	406542170	BI	2014-01-28
production	SAMN05915256	SRR28394025	SAMN05915256	SRS20795586	PRJNA343736	ILLUMINA	Illumina HiSeq 2500	PAIRED	WGS	GENOMIC	RANDOM	WGS-Peru4699			2286006	571501500	SUB14319811	2024-03-24
production	SAMN04385773	SRR3082131	SAMN04385773	SRS1236470	PRJNA306588	ILLUMINA	Illumina HiSeq 2500	PAIRED	WGS	GENOMIC	RANDOM	227_15_WGS			2234098	451287796		2017-01-09
production	SAMN04385649	SRR3086354	SAMN04385649	SRS1237682	PRJNA306588	ILLUMINA	Illumina HiSeq 2500	PAIRED	WGS	GENOMIC	RANDOM	295_15_WGS			2506211	506254622		2017-01-09
production	SAMEA9977612	ERR6866914	SAMEA9977612	ERS7655890	PRJEB39837	ILLUMINA	Illumina HiSeq 2000	PAIRED	WGS	GENOMIC	RANDOM		Standard		2032636	306928036	University College London;IMPERIAL COLLEGE LONDON	2021-09-30
production	SAMN02381023	SRR1049653	SAMN02381023	SRS515079	PRJNA223578	ILLUMINA	Illumina HiSeq 2000	PAIRED	WGS	GENOMIC	RANDOM	Solexa-194843		628	1742382	351961164	BI	2014-02-13
production	SAMN04276794	SRR11947485	SAMN04276794	SRS1528404	PRJNA300846	ILLUMINA	Illumina HiSeq 2500	SINGLE	WGS	GENOMIC	PCR	G04084			3622024	731648848	SUB7543968	2020-06-11
production	SAMN03648254	SRR2101007	SAMN03648254	SRS991385	PRJNA282721	ILLUMINA	Illumina HiSeq 2500	PAIRED	WGS	GENOMIC	RANDOM	C00014959			2521261	504252200		2015-07-26
production	SAMN03648590	SRR2101343	SAMN03648590	SRS990643	PRJNA282721	ILLUMINA	Illumina HiSeq 2500	PAIRED	WGS	GENOMIC	RANDOM	e9fcc79f-4ed1-4dc2-a89b-343df903ace0			769031	432345198		2015-07-26
production	SAMN03648870	SRR2101623	SAMN03648870	SRS991007	PRJNA282721	ILLUMINA	Illumina HiSeq 2500	PAIRED	WGS	GENOMIC	RANDOM	6d7db360-9cc3-4de7-bf4f-ea0988c478ed			581642	297009173		2015-07-23
production	SAMN01908748	SRR671724	SAMN01908748	SRS388817	PRJNA187550	ILLUMINA	Illumina HiSeq 2000	PAIRED	WGS	GENOMIC	PCR	SZAXPI000449-134	Standard Solexa protocol	362	2933334	528000120	BGI	2013-08-21
production	SAMN03647756	SRR2100583	SAMN03647756	SRS990231	PRJNA282721	ILLUMINA	Illumina HiSeq 2500	PAIRED	WGS	GENOMIC	RANDOM	C00012995			2180232	436046400		2015-11-03
production	SAMN04385715	SRR3085371	SAMN04385715	SRS1236495	PRJNA306588	ILLUMINA	Illumina HiSeq 2500	PAIRED	WGS	GENOMIC	RANDOM	108_15_WGS			1038790	209835580		2017-01-09
production	SAMEA9977344	ERR6866646	SAMEA9977344	ERS7655622	PRJEB39837	ILLUMINA	Illumina HiSeq 2000	PAIRED	WGS	GENOMIC	RANDOM		Standard		1549388	233957588	University College London;IMPERIAL COLLEGE LONDON	2021-09-30
production	SAMN02381011	SRR1062899	SAMN02381011	SRS515067	PRJNA223566	ILLUMINA	Illumina HiSeq 2000	PAIRED	WGS	GENOMIC	RANDOM	Pond-307568		180	2277597	460074594	BI	2014-02-13
production	SAMN01908883	SRR671859	SAMN01908883	SRS388952	PRJNA187550	ILLUMINA	Illumina HiSeq 2000	PAIRED	WGS	GENOMIC	PCR	MYCsjjDFLDFAPEI-87	Standard Solexa protocol	350	3300000	528000000	BGI	2013-08-21
production	SAMN02414897	SRR1146314	SAMN02414897	SRS543514	PRJNA229262	ILLUMINA	Illumina HiSeq 2000	PAIRED	WGS	GENOMIC	RANDOM	Solexa-209961		513	1228968	248251536	BI	2014-02-05
production	SAMN02414897	SRR1166815	SAMN02414897	SRS543514	PRJNA229262	ILLUMINA	Illumina HiSeq 2000	PAIRED	WGS	GENOMIC	RANDOM	Pond-319417		5000	1007655	203546310	BI	2014-02-26
production	SAMN04385649	SRR3085262	SAMN04385649	SRS1237682	PRJNA306588	ILLUMINA	Illumina HiSeq 2500	PAIRED	WGS	GENOMIC	RANDOM	295_15_WGS			2506211	506254622		2017-01-09
production	SAMEA9977358	ERR6866660	SAMEA9977358	ERS7655636	PRJEB39837	ILLUMINA	Illumina HiSeq 2000	PAIRED	WGS	GENOMIC	RANDOM		Standard		2288654	345586754	University College London;IMPERIAL COLLEGE LONDON	2021-09-30
production	SAMN02414897	SRR1144726	SAMN02414897	SRS543514	PRJNA229262	ILLUMINA	Illumina HiSeq 2000	PAIRED	WGS	GENOMIC	RANDOM	Solexa-209961		513	882206	178205612	BI	2014-01-28
production	SAMN03647178	SRR2100005	SAMN03647178	SRS991841	PRJNA282721	ILLUMINA	Illumina HiSeq 2500	PAIRED	WGS	GENOMIC	RANDOM	924d8a47-e579-49d0-a01b-6d505fb7c610			1261146	380866092		2015-07-24
production	SAMN03647661	SRR2100488	SAMN03647661	SRS990319	PRJNA282721	ILLUMINA	Illumina HiSeq 2500	PAIRED	WGS	GENOMIC	RANDOM	C00012891			1396143	279228600		2015-07-23
production	SAMN03647749	SRR2100576	SAMN03647749	SRS990238	PRJNA282721	ILLUMINA	Illumina HiSeq 2500	PAIRED	WGS	GENOMIC	RANDOM	C00012988			2127267	425453400		2015-11-03
production	SAMN03647767	SRR2100594	SAMN03647767	SRS990220	PRJNA282721	ILLUMINA	Illumina HiSeq 2500	PAIRED	WGS	GENOMIC	RANDOM	C00013006			1038263	207652600		2015-11-03
production	SAMN03648076	SRR2100903	SAMN03648076	SRS991464	PRJNA282721	ILLUMINA	Illumina HiSeq 2500	PAIRED	WGS	GENOMIC	RANDOM	C00014837			2528937	505787400		2015-07-24
production	SAMN03648183	SRR2100936	SAMN03648183	SRS991439	PRJNA282721	ILLUMINA	Illumina HiSeq 2500	PAIRED	WGS	GENOMIC	RANDOM	C00014871			2409069	481813800		2015-11-03
production	SAMN03648454	SRR2101207	SAMN03648454	SRS991235	PRJNA282721	ILLUMINA	Illumina HiSeq 2500	PAIRED	WGS	GENOMIC	RANDOM	C00017941			1794046	358809200		2015-07-24
production	SAMN03648622	SRR2101375	SAMN03648622	SRS991106	PRJNA282721	ILLUMINA	Illumina HiSeq 2500	PAIRED	WGS	GENOMIC	RANDOM	0c0507f3-253f-4540-b95d-f7675f20a1e0			1517382	820907354		2015-11-03
production	SAMN04365152	SRR3055247	SAMN04365152	SRS1223454	PRJNA282721	ILLUMINA	Illumina HiSeq 2500	PAIRED	WGS	GENOMIC	RANDOM	C00014560			2765857	553171400		2015-12-25
production	SAMN02381023	SRR1049654	SAMN02381023	SRS515079	PRJNA223578	ILLUMINA	Illumina HiSeq 2000	PAIRED	WGS	GENOMIC	RANDOM	Solexa-194843		628	1758642	355245684	BI	2014-02-13
production	SAMN02381023	SRR1062913	SAMN02381023	SRS515079	PRJNA223578	ILLUMINA	Illumina HiSeq 2000	PAIRED	WGS	GENOMIC	RANDOM	Pond-307525		180	1891869	382157538	BI	2014-02-13
production	SAMN02381011	SRR1049627	SAMN02381011	SRS515067	PRJNA223566	ILLUMINA	Illumina HiSeq 2000	PAIRED	WGS	GENOMIC	RANDOM	Solexa-194855		640	562697	113664794	BI	2014-02-13
production	SAMN02381011	SRR1049628	SAMN02381011	SRS515067	PRJNA223566	ILLUMINA	Illumina HiSeq 2000	PAIRED	WGS	GENOMIC	RANDOM	Solexa-194855		640	575450	116240900	BI	2014-02-13
production	SAMN02381011	SRR1140719	SAMN02381011	SRS515067	PRJNA223566	ILLUMINA	Illumina HiSeq 2000	PAIRED	WGS	GENOMIC	RANDOM	Pond-307568		180	2306070	465826140	BI	2014-01-28
production	SAMN07344653	SRR5818687	SAMN07344653	SRS2347975	PRJNA393924	ILLUMINA	Illumina HiSeq 2500	PAIRED	WGS	GENOMIC	RANDOM	6035_WGS			1417957	421682660		2017-07-13
production	SAMN06091939	SRR5065333	SAMN06091939	SRS1827765	PRJNA355614	ILLUMINA	Illumina HiSeq 2500	PAIRED	WGS	GENOMIC	RANDOM	HCMC0242			949569	283544242		2017-03-22
production	SAMN06091810	SRR5065375	SAMN06091810	SRS1827807	PRJNA355614	ILLUMINA	Illumina HiSeq 2500	PAIRED	WGS	GENOMIC	RANDOM	HCMC0113			1695471	500795041		2017-03-22
production	SAMN06091994	SRR5065431	SAMN06091994	SRS1827862	PRJNA355614	ILLUMINA	Illumina HiSeq 2500	PAIRED	WGS	GENOMIC	RANDOM	HCMC0297			1819319	536342879		2017-03-22
production	SAMN06092612	SRR5067376	SAMN06092612	SRS1829617	PRJNA355614	ILLUMINA	Illumina HiSeq 2500	PAIRED	WGS	GENOMIC	RANDOM	HCMC0915			1313326	392652884		2017-03-22
production	SAMN06055699	SRR5073553	SAMN06055699	SRS1834099	PRJNA355614	ILLUMINA	Illumina HiSeq 2500	PAIRED	WGS	GENOMIC	RANDOM	HCMC1302			1082071	317743595		2017-03-22
production	SAMN06055639	SRR5073658	SAMN06055639	SRS1834201	PRJNA355614	ILLUMINA	Illumina HiSeq 2500	PAIRED	WGS	GENOMIC	RANDOM	HCMC1242			1002346	299986435		2017-03-22
production	SAMN06210089	SRR5153918	SAMN06210089	SRS1903695	PRJNA318002	ILLUMINA	Illumina HiSeq 2500	PAIRED	WGS	GENOMIC	RANDOM	SM-DBSFS	Low Input Nextera Library Construction		3935725	795016450		2017-01-09
production	SAMN06010157	SRR28393744	SAMN06010157	SRS20795176	PRJNA343736	ILLUMINA	Illumina HiSeq 2500	PAIRED	WGS	GENOMIC	RANDOM	WGS-Peru2943			1982428	396485600	SUB14319811	2024-03-24
production	SAMN05918615	SRR28394070	SAMN05918615	SRS20795539	PRJNA343736	ILLUMINA	Illumina HiSeq 2500	PAIRED	WGS	GENOMIC	RANDOM	WGS-Peru4515			2830959	707739750	SUB14319811	2024-03-24
production	SAMN06091773	SRR5065252	SAMN06091773	SRS1827684	PRJNA355614	ILLUMINA	Illumina HiSeq 2500	PAIRED	WGS	GENOMIC	RANDOM	HCMC0076			1226700	363333702		2017-03-22
production	SAMN06091888	SRR5065496	SAMN06091888	SRS1827927	PRJNA355614	ILLUMINA	Illumina HiSeq 2500	PAIRED	WGS	GENOMIC	RANDOM	HCMC0191			993993	297082554		2017-03-22
production	SAMN06092614	SRR5067272	SAMN06092614	SRS1829513	PRJNA355614	ILLUMINA	Illumina HiSeq 2500	PAIRED	WGS	GENOMIC	RANDOM	HCMC0917			1156885	345062556		2017-03-22
production	SAMN06092370	SRR5067515	SAMN06092370	SRS1829754	PRJNA355614	ILLUMINA	Illumina HiSeq 2500	PAIRED	WGS	GENOMIC	RANDOM	HCMC0673			1711614	509450059		2017-03-22
production	SAMN06055805	SRR5073694	SAMN06055805	SRS1834237	PRJNA355614	ILLUMINA	Illumina HiSeq 2500	PAIRED	WGS	GENOMIC	RANDOM	HCMC1408			1356155	401930239		2017-03-22
production	SAMN06094085	SRR28393812	SAMN06094085	SRS20795113	PRJNA343736	ILLUMINA	Illumina HiSeq 2500	PAIRED	WGS	GENOMIC	RANDOM	WGS-Peru5417			2571565	771469500	SUB14319811	2024-03-24
production	SAMN05916301	SRR28393983	SAMN05916301	SRS20795281	PRJNA343736	ILLUMINA	Illumina HiSeq 2500	PAIRED	WGS	GENOMIC	RANDOM	WGS-Peru4980			1736136	434034000	SUB14319811	2024-03-24
production	SAMN05918603	SRR28394080	SAMN05918603	SRS20795528	PRJNA343736	ILLUMINA	Illumina HiSeq 2500	PAIRED	WGS	GENOMIC	RANDOM	WGS-Peru4490			1654726	413681500	SUB14319811	2024-03-24
production	SAMN05919660	SRR28394110	SAMN05919660	SRS20795499	PRJNA343736	ILLUMINA	Illumina HiSeq 2500	PAIRED	WGS	GENOMIC	RANDOM	WGS-Peru4141			2750211	687552750	SUB14319811	2024-03-24
production	SAMN06010457	SRR28393508	SAMN06010457	SRS20795070	PRJNA343736	ILLUMINA	Illumina HiSeq 2500	PAIRED	WGS	GENOMIC	RANDOM	WGS-Peru3333			2438008	609502000	SUB14319811	2024-03-23
production	SAMN05919596	SRR28393715	SAMN05919596	SRS20795207	PRJNA343736	ILLUMINA	Illumina HiSeq 2500	PAIRED	WGS	GENOMIC	RANDOM	WGS-Peru4075			4190190	1047547500	SUB14319811	2024-03-24
production	SAMN05919587	SRR28393725	SAMN05919587	SRS20795197	PRJNA343736	ILLUMINA	Illumina HiSeq 2500	PAIRED	WGS	GENOMIC	RANDOM	WGS-Peru4066			3173546	793386500	SUB14319811	2024-03-24
production	SAMN05916432	SRR28394176	SAMN05916432	SRS20795747	PRJNA343736	ILLUMINA	Illumina HiSeq 2500	PAIRED	WGS	GENOMIC	RANDOM	WGS-Peru5120			2104193	631257900	SUB14319811	2024-03-24
production	SAMN06092545	SRR5067288	SAMN06092545	SRS1829528	PRJNA355614	ILLUMINA	Illumina HiSeq 2500	PAIRED	WGS	GENOMIC	RANDOM	HCMC0848			1653727	484322248		2017-03-22
production	SAMN06092464	SRR5067626	SAMN06092464	SRS1829867	PRJNA355614	ILLUMINA	Illumina HiSeq 2500	PAIRED	WGS	GENOMIC	RANDOM	HCMC0767			2130658	633202551		2017-03-22
production	SAMN06578983	SRR5341439	SAMN06578983	SRS2046154	PRJNA379070	ILLUMINA	Illumina HiSeq 2500	PAIRED	WGS	GENOMIC	RANDOM	LIB26085			2925248	438787200	SUB2488936	2019-01-27
production	SAMN07373527	SRR6074056	SAMN07373527	SRS2539566	PRJNA388806	ILLUMINA	Illumina MiSeq	PAIRED	WGS	GENOMIC	RANDOM	1300298	WGS		1339892	805850760		2017-09-30
production	SAMN06010399	SRR28393506	SAMN06010399	SRS20795072	PRJNA343736	ILLUMINA	Illumina HiSeq 2500	PAIRED	WGS	GENOMIC	RANDOM	WGS-Peru3335			4027012	1006753000	SUB14319811	2024-03-24
production	SAMN05918931	SRR28393881	SAMN05918931	SRS20795385	PRJNA343736	ILLUMINA	Illumina HiSeq 2500	PAIRED	WGS	GENOMIC	RANDOM	WGS-Peru3977			1611112	402778000	SUB14319811	2024-03-24
production	SAMN06092287	SRR5067323	SAMN06092287	SRS1829564	PRJNA355614	ILLUMINA	Illumina HiSeq 2500	PAIRED	WGS	GENOMIC	RANDOM	HCMC0590			1112938	330474076		2017-03-22
production	SAMN07344629	SRR5818655	SAMN07344629	SRS2348007	PRJNA393924	ILLUMINA	Illumina HiSeq 2500	PAIRED	WGS	GENOMIC	RANDOM	233_2015_WGS			1952393	394383386		2017-07-13
production	SAMN07658621	SRR6045141	SAMN07658621	SRS2519667	PRJNA401515	ILLUMINA	Illumina MiSeq	PAIRED	WGS	GENOMIC	RANDOM	c256f7fd-e538-4ef6-972d-ab1357d302cf	Early positive mycobacterial MGIT cultures (1ml) sequenced on MiSeq platform Illumina		1448131	415153480		2017-12-01
production	SAMN06010247	SRR28393797	SAMN06010247	SRS20795126	PRJNA343736	ILLUMINA	Illumina HiSeq 2500	PAIRED	WGS	GENOMIC	RANDOM	WGS-Peru3060			4907761	981552200	SUB14319811	2024-03-23
production	SAMN06091835	SRR5065554	SAMN06091835	SRS1827983	PRJNA355614	ILLUMINA	Illumina HiSeq 2500	PAIRED	WGS	GENOMIC	RANDOM	HCMC0138			953137	281517969		2017-03-22
production	SAMN06092561	SRR5067462	SAMN06092561	SRS1829702	PRJNA355614	ILLUMINA	Illumina HiSeq 2500	PAIRED	WGS	GENOMIC	RANDOM	HCMC0864			2295575	675615735		2017-03-22
production	SAMN06092358	SRR5067619	SAMN06092358	SRS1829860	PRJNA355614	ILLUMINA	Illumina HiSeq 2500	PAIRED	WGS	GENOMIC	RANDOM	HCMC0661			1125889	333301967		2017-03-22
production	SAMN06055884	SRR5073675	SAMN06055884	SRS1834218	PRJNA355614	ILLUMINA	Illumina HiSeq 2500	PAIRED	WGS	GENOMIC	RANDOM	HCMC1487			2206307	565077448		2017-03-22
production	SAMN06210015	SRR5153831	SAMN06210015	SRS1903553	PRJNA318002	ILLUMINA	Illumina HiSeq 2500	PAIRED	WGS	GENOMIC	RANDOM	SM-DBSGC	Low Input Nextera Library Construction		5108703	1031958006		2017-01-08
production	SAMN06473191	SRR5341226	SAMN06473191	SRS2045942	PRJNA376471	ILLUMINA	Illumina MiSeq	PAIRED	WGS	GENOMIC	unspecified	OU48-FMR344F			681873	205925646	SUB2432233	2017-11-09
production	SAMN07603308	SRR6117342	SAMN07603308	SRS2554571	PRJNA401368	ILLUMINA	Illumina HiSeq 2500	PAIRED	WGS	GENOMIC	RANDOM	11MT15990			2241701	672510300	SUB3089129	2018-03-31
production	SAMN07659561	SRR6045859	SAMN07659561	SRS2521317	PRJNA401515	ILLUMINA	Illumina MiSeq	PAIRED	WGS	GENOMIC	RANDOM	6a7e4fb4-28e1-457a-80d9-efd94b8a48aa	Early positive mycobacterial MGIT cultures (1ml) sequenced on MiSeq platform Illumina		1718812	508109555		2017-12-01
production	SAMN08215377	SRR6397927	SAMN08215377	SRS2775192	PRJNA413593	ILLUMINA	HiSeq X Ten	PAIRED	WGS	GENOMIC	RANDOM	BC13-Mtb001			3348228	837057000	SUB3350645	2018-06-03
production	SAMN08376118	SRR6480498	SAMN08376118	SRS2841282	PRJNA430531	ILLUMINA	Illumina HiSeq 2000	PAIRED	WGS	GENOMIC	PCR	100983			1834994	341308884	SUB3473592	2018-01-19
production	SAMN08708474	SRR6831898	SAMN08708474	SRS3040562	PRJNA428596	ILLUMINA	Illumina HiSeq 2500	PAIRED	WGS	GENOMIC	RANDOM	14-1247_WGS			1052090	212329371	SUB3783172	2018-03-15
production	SAMN07660369	SRR6045819	SAMN07660369	SRS2521337	PRJNA401515	ILLUMINA	Illumina MiSeq	PAIRED	WGS	GENOMIC	RANDOM	0cf287b3-bf34-4ebc-ac59-22541d036df2	Early positive mycobacterial MGIT cultures (1ml) sequenced on MiSeq platform Illumina		1054647	303392181		2017-12-01
production	SAMN07659991	SRR6045837	SAMN07659991	SRS2521325	PRJNA401515	ILLUMINA	Illumina MiSeq	PAIRED	WGS	GENOMIC	RANDOM	3a57c02f-7d40-469e-9ebd-a5f3c109547c	Early positive mycobacterial MGIT cultures (1ml) sequenced on MiSeq platform Illumina		892024	254121704		2017-12-01
production	SAMN07956607	SRR6256999	SAMN07956607	SRS2661555	PRJNA352769	ILLUMINA	Illumina MiSeq	PAIRED	WGS	GENOMIC	RANDOM	PTB0139			654666	160753641	SUB3195398	2017-12-01
production	SAMN08215118	SRR6397541	SAMN08215118	SRS2774498	PRJNA413593	ILLUMINA	HiSeq X Ten	PAIRED	WGS	GENOMIC	RANDOM	BC09-Mtb111			3313051	828262750	SUB3191708	2018-03-03
production	SAMN08215308	SRR6398101	SAMN08215308	SRS2775016	PRJNA413593	ILLUMINA	HiSeq X Ten	PAIRED	WGS	GENOMIC	RANDOM	BC11-Mtb463			1857429	464357250	SUB3350645	2018-06-03
production	SAMN08376195	SRR6480518	SAMN08376195	SRS2841262	PRJNA430531	ILLUMINA	Illumina HiSeq 2000	PAIRED	WGS	GENOMIC	PCR	1100908			2433101	452556786	SUB3473592	2018-01-19
production	SAMN08379736	SRR6485118	SAMN08379736	SRS2844630	PRJNA428596	ILLUMINA	NextSeq 500	PAIRED	WGS	GENOMIC	RANDOM	11393-13_WGS			1426462	412602722	SUB3533324	2018-01-20
production	SAMN08436056	SRR6650152	SAMN08436056	SRS2894763	PRJNA428596	ILLUMINA	Illumina HiSeq 2500	PAIRED	WGS	GENOMIC	RANDOM	131123_WGS			1137042	229549972	SUB3599477	2018-01-31
production	SAMN08708484	SRR6832066	SAMN08708484	SRS3040990	PRJNA428596	ILLUMINA	Illumina HiSeq 2500	PAIRED	WGS	GENOMIC	RANDOM	140-4015_WGS			1533461	309374918	SUB3783172	2018-03-15
production	SAMN08708219	SRR6832165	SAMN08708219	SRS3040890	PRJNA428596	ILLUMINA	Illumina HiSeq 2500	PAIRED	WGS	GENOMIC	RANDOM	108-1562_WGS			1916712	386438322	SUB3783172	2018-03-15
production	SAMN08709104	SRR6832677	SAMN08709104	SRS3041567	PRJNA428596	ILLUMINA	Illumina HiSeq 2500	PAIRED	WGS	GENOMIC	RANDOM	7-2246_WGS			1538046	310400674	SUB3783201	2018-03-15
production	SAMN07766356	SRR6152796	SAMN07766356	SRS2577262	PRJNA413593	ILLUMINA	HiSeq X Ten	PAIRED	WGS	GENOMIC	RANDOM	BC13-Mtb026			3060017	765004250		2017-10-11
production	SAMN07766002	SRR6153055	SAMN07766002	SRS2577006	PRJNA413593	ILLUMINA	HiSeq X Ten	PAIRED	WGS	GENOMIC	RANDOM	BC07-Mtb246			3013651	753412750		2017-10-11
production	SAMN07660313	SRR6046418	SAMN07660313	SRS2521511	PRJNA401515	ILLUMINA	Illumina MiSeq	PAIRED	WGS	GENOMIC	RANDOM	141d27ee-8010-40f7-b03a-8f9ec296486a	Early positive mycobacterial MGIT cultures (1ml) sequenced on MiSeq platform Illumina		1451168	416337865		2017-12-01
production	SAMN07766060	SRR6153268	SAMN07766060	SRS2577289	PRJNA413593	ILLUMINA	HiSeq X Ten	PAIRED	WGS	GENOMIC	RANDOM	BC08-Mtb206			2910432	727608000		2017-10-11
production	SAMN08629141	SRR6797835	SAMN08629141	SRS3012150	PRJNA428596	ILLUMINA	Illumina HiSeq 2500	PAIRED	WGS	GENOMIC	RANDOM	132383_WGS			1249898	252369710	SUB3743403	2018-03-03
production	SAMN07766001	SRR6153062	SAMN07766001	SRS2576999	PRJNA413593	ILLUMINA	HiSeq X Ten	PAIRED	WGS	GENOMIC	RANDOM	BC07-Mtb242			2979489	744872250		2017-10-11
production	SAMN07658846	SRR6045537	SAMN07658846	SRS2519917	PRJNA401515	ILLUMINA	Illumina MiSeq	PAIRED	WGS	GENOMIC	RANDOM	a979ea13-aa30-403a-9ad3-6b62f5236d0f	Early positive mycobacterial MGIT cultures (1ml) sequenced on MiSeq platform Illumina		823515	243184784		2017-12-01
production	SAMN08143512	SRR6357003	SAMN08143512	SRS2742025	PRJNA421446	ILLUMINA	Illumina HiSeq 2500	PAIRED	WGS	GENOMIC	RANDOM	AZE-02-063_4871			1164279	351612258	SUB3264813	2017-12-08
production	SAMN08215004	SRR6397400	SAMN08215004	SRS2774638	PRJNA413593	ILLUMINA	HiSeq X Ten	PAIRED	WGS	GENOMIC	RANDOM	BC07-Mtb340			2719021	679755250	SUB3191708	2018-03-03
production	SAMN08347762	SRR6458395	SAMN08347762	SRS2823155	PRJNA429460	ILLUMINA	Illumina MiSeq	PAIRED	WGS	GENOMIC	RANDOM	15785			1597710	737204678	SUB3467900	2018-01-11
production	SAMN08376151	SRR6480338	SAMN08376151	SRS2841442	PRJNA430531	ILLUMINA	Illumina HiSeq 2000	PAIRED	WGS	GENOMIC	PCR	1100280			2313814	430369404	SUB3473592	2018-01-19
production	SAMN08376303	SRR6480466	SAMN08376303	SRS2841314	PRJNA430531	ILLUMINA	Illumina HiSeq 2000	PAIRED	WGS	GENOMIC	PCR	900166			4231958	787144188	SUB3473592	2018-01-19
production	SAMN08376354	SRR6480484	SAMN08376354	SRS2841296	PRJNA430531	ILLUMINA	Illumina HiSeq 2000	PAIRED	WGS	GENOMIC	PCR	900464			5052001	939672186	SUB3473592	2018-01-19
production	SAMN08436258	SRR6650169	SAMN08436258	SRS2894748	PRJNA428596	ILLUMINA	Illumina HiSeq 2500	PAIRED	WGS	GENOMIC	RANDOM	131599_WGS			1607875	324653390	SUB3599477	2018-01-31
production	SAMN08436267	SRR6650231	SAMN08436267	SRS2894686	PRJNA428596	ILLUMINA	Illumina HiSeq 2500	PAIRED	WGS	GENOMIC	RANDOM	131609_WGS			1266356	255721395	SUB3599477	2018-01-31
production	SAMN08629528	SRR6797690	SAMN08629528	SRS3012297	PRJNA428596	ILLUMINA	Illumina HiSeq 2500	PAIRED	WGS	GENOMIC	RANDOM	140284_WGS			1607738	321425734	SUB3743403	2018-03-03
production	SAMN08709119	SRR6832484	SAMN08709119	SRS3041218	PRJNA428596	ILLUMINA	Illumina HiSeq 2500	PAIRED	WGS	GENOMIC	RANDOM	72-0907_WGS			2426599	489010084	SUB3783201	2018-03-15
production	SAMN08347735	SRR6458415	SAMN08347735	SRS2823132	PRJNA429460	ILLUMINA	Illumina MiSeq	PAIRED	WGS	GENOMIC	RANDOM	9634			1085905	481016029	SUB3467900	2018-01-11
production	SAMN08376239	SRR6480320	SAMN08376239	SRS2841460	PRJNA430531	ILLUMINA	Illumina HiSeq 2000	PAIRED	WGS	GENOMIC	PCR	1101303			4656403	866090958	SUB3473592	2018-01-19
production	SAMN08379658	SRR6485061	SAMN08379658	SRS2844686	PRJNA428596	ILLUMINA	NextSeq 500	PAIRED	WGS	GENOMIC	RANDOM	10329-13_WGS			3532408	1040966711	SUB3533324	2018-01-20
production	SAMN08708628	SRR6832100	SAMN08708628	SRS3040957	PRJNA428596	ILLUMINA	Illumina HiSeq 2500	PAIRED	WGS	GENOMIC	RANDOM	166-0107_WGS			1650313	332769346	SUB3783172	2018-03-15
production	SAMN08708585	SRR6832296	SAMN08708585	SRS3040762	PRJNA428596	ILLUMINA	Illumina HiSeq 2500	PAIRED	WGS	GENOMIC	RANDOM	158-2123_WGS			1292018	260650801	SUB3783172	2018-03-15
production	SAMN08708813	SRR6832530	SAMN08708813	SRS3041179	PRJNA428596	ILLUMINA	Illumina HiSeq 2500	PAIRED	WGS	GENOMIC	RANDOM	24-0918_WGS			1320636	266465027	SUB3783201	2018-03-15
production	SAMN07660463	SRR6045291	SAMN07660463	SRS2521107	PRJNA401515	ILLUMINA	Illumina MiSeq	PAIRED	WGS	GENOMIC	RANDOM	02147269-a919-44cf-a5da-93b07d1757df	Early positive mycobacterial MGIT cultures (1ml) sequenced on MiSeq platform Illumina		1653921	489669094		2017-12-01
production	SAMN07766242	SRR6152812	SAMN07766242	SRS2577246	PRJNA413593	ILLUMINA	HiSeq X Ten	PAIRED	WGS	GENOMIC	RANDOM	BC11-Mtb198			2618354	654588500		2017-10-11
production	SAMN09756217	SRR7645826	SAMN09756217	SRS3628663	PRJNA482716	ILLUMINA	Illumina HiSeq 2000	PAIRED	WGS	GENOMIC	RANDOM	MTB_moldova_S3438			2987445	603463890	SUB4359040	2018-08-05
production	SAMN09399488	SRR7655982	SAMN09399488	SRS3636890	PRJNA318002	ILLUMINA	HiSeq X Ten	PAIRED	WGS	GENOMIC	RANDOM	G145053	Whole Genome Shotgun Nextera Libraries		3400253	1026876406		2018-08-10
production	SAMN10663234	SRR8380897	SAMN10663234	SRS4197027	PRJNA512266	ILLUMINA	Illumina MiSeq	PAIRED	WGS	GENOMIC	RANDOM PCR	CC0295_S17_L001_001.fastq.gz			836244	408926235	SUB4929496	2019-01-02
production	SAMN10593667	SRR8433192	SAMN10593667	SRS4243791	PRJNA509547	ILLUMINA	Illumina HiSeq 2500	PAIRED	WGS	GENOMIC	PCR	EKB97			1234372	274030584	SUB5035338	2019-01-12
production	SAMN10961361	SRR8651592	SAMN10961361	SRS4425929	PRJNA522942	ILLUMINA	HiSeq X Ten	PAIRED	WGS	GENOMIC	PCR	16-1989			5500000	1661000000	SUB5200944	2019-03-22
production	SAMN10961379	SRR8651612	SAMN10961379	SRS4425909	PRJNA522942	ILLUMINA	HiSeq X Ten	PAIRED	WGS	GENOMIC	PCR	16-4234			5500000	1650000000	SUB5200944	2019-03-22
production	SAMN08732449	SRR6855837	SAMN08732449	SRS3061499	PRJNA428596	ILLUMINA	Illumina MiSeq	PAIRED	WGS	GENOMIC	RANDOM	BR00093905_WGS			492162	264454433	SUB3797900	2018-03-22
production	SAMN12347345	SRR9738503	SAMN12347345	SRS5143900	PRJNA482865	ILLUMINA	Illumina MiSeq	PAIRED	WGS	GENOMIC	RANDOM	3488			1428561	421177000	SUB6058415	2019-07-24
production	SAMN13051684	SRR10303310	SAMN13051684	SRS5537458	PRJNA578162	ILLUMINA	Illumina MiSeq	PAIRED	WGS	GENOMIC	unspecified	TB-CPath-Toksanbaeva-IS-1067-DNA-056_S71_R1_001.fastq.gz.MYMBXG8CNGN/4918	missing		1836112	554505824	SUB6437642	2019-10-19
production	SAMN17019841	SRR13232733	SAMN17019841	SRS7863097	PRJNA683067	ILLUMINA	Illumina MiSeq	PAIRED	WGS	GENOMIC	RANDOM	9296			2561964	668945808	SUB8676895	2020-12-10
production	SAMN08732251	SRR6856068	SAMN08732251	SRS3061722	PRJNA428596	ILLUMINA	Illumina MiSeq	PAIRED	WGS	GENOMIC	RANDOM	BF01304848_WGS			544002	253737490	SUB3797900	2018-03-22
production	SAMN08795073	SRR6896266	SAMN08795073	SRS3090480	PRJNA428596	ILLUMINA	Illumina MiSeq	PAIRED	WGS	GENOMIC	RANDOM	EF00280850_WGS			822394	409593788	SUB3839583	2018-03-30
production	SAMN08795266	SRR6896391	SAMN08795266	SRS3090354	PRJNA428596	ILLUMINA	Illumina MiSeq	PAIRED	WGS	GENOMIC	RANDOM	TRL0017152_WGS			874899	387989623	SUB3839583	2018-03-30
production	SAMN08913057	SRR6981920	SAMN08913057	SRS3157129	PRJNA428596	ILLUMINA	Illumina MiSeq	PAIRED	WGS	GENOMIC	RANDOM	TRL0061275_WGS			533273	232686294	SUB3896750	2018-04-18
production	SAMN08912863	SRR6982110	SAMN08912863	SRS3156939	PRJNA428596	ILLUMINA	Illumina MiSeq	PAIRED	WGS	GENOMIC	RANDOM	TRL0037315_WGS			447030	196016931	SUB3896750	2018-04-18
production	SAMN09090587	SRR7131154	SAMN09090587	SRS3269141	PRJNA438921	ILLUMINA	Illumina MiniSeq	PAIRED	WGS	GENOMIC	RANDOM	MGIT43_WGS			1119190	323203186	SUB4014367	2018-05-09
production	SAMN09090556	SRR7131259	SAMN09090556	SRS3269037	PRJNA438921	ILLUMINA	Illumina MiniSeq	PAIRED	WGS	GENOMIC	RANDOM	MGIT28_WGS			1040015	155697248	SUB4014367	2018-05-09
production	SAMN13568163	SRR10809119	SAMN13568163	SRS5925673	PRJNA595834	ILLUMINA	NextSeq 500	PAIRED	WGS	GENOMIC	PCR	1101870			1777761	510687694	SUB6626776	2020-01-04
production	SAMN17019814	SRR13232762	SAMN17019814	SRS7863069	PRJNA683067	ILLUMINA	Illumina MiSeq	PAIRED	WGS	GENOMIC	RANDOM	5569			3076557	914254252	SUB8676895	2020-12-10
production	SAMN09651713	SRR17231609	SAMN09651713	SRS3542705	PRJNA480888	PACBIO_SMRT	Sequel II	SINGLE	WGS	GENOMIC	RANDOM	DNA120			461293	3143299545	SUB10802165	2021-12-16
production	SAMN08913245	SRR6982157	SAMN08913245	SRS3156892	PRJNA428596	ILLUMINA	Illumina MiSeq	PAIRED	WGS	GENOMIC	RANDOM	TRL0080832_WGS			731908	404011738	SUB3896750	2018-04-18
production	SAMN09756151	SRR7646048	SAMN09756151	SRS3628442	PRJNA482716	ILLUMINA	Illumina HiSeq 2000	PAIRED	WGS	GENOMIC	RANDOM	MTB_moldova_S18471			1269803	256500206	SUB4359040	2018-08-05
production	SAMN10961330	SRR8651660	SAMN10961330	SRS4425861	PRJNA522942	ILLUMINA	HiSeq X Ten	PAIRED	WGS	GENOMIC	PCR	14-80			5500000	1650000000	SUB5200944	2019-03-22
production	SAMN08892531	SRR6964571	SAMN08892531	SRS3142579	PRJNA428596	ILLUMINA	Illumina HiSeq 2500	PAIRED	WGS	GENOMIC	RANDOM	140027_WGS			2134315	430944056	SUB3881282	2018-04-10
production	SAMN09651713	SRR7516420	SAMN09651713	SRS3542705	PRJNA480888	ILLUMINA	Illumina HiSeq 2500	PAIRED	WGS	GENOMIC	RANDOM	2968			1875184	566305568	SUB3789444	2018-07-13
production	SAMN09756108	SRR7645989	SAMN09756108	SRS3628499	PRJNA482716	ILLUMINA	Illumina HiSeq 2000	PAIRED	WGS	GENOMIC	RANDOM	MTB_moldova_S1546			2616178	528467956	SUB4359040	2018-08-05
production	SAMN09756094	SRR7646000	SAMN09756094	SRS3628488	PRJNA482716	ILLUMINA	Illumina HiSeq 2000	PAIRED	WGS	GENOMIC	RANDOM	MTB_moldova_S14556			5575668	1126284936	SUB4359040	2018-08-05
production	SAMN12811520	SRR10159374	SAMN12811520	SRS5418024	PRJNA573497	ILLUMINA	Illumina HiSeq 2500	PAIRED	WGS	GENOMIC	PCR	30			1790070	451097640	SUB5346155	2019-11-01
production	SAMN13169509	SRR10379888	SAMN13169509	SRS5596812	PRJNA586859	ILLUMINA	Illumina MiSeq	PAIRED	WGS	GENOMIC	RANDOM	6852			1589810	480122620	SUB6441800	2019-11-01
production	SAMN13169523	SRR10380242	SAMN13169523	SRS5596837	PRJNA586859	ILLUMINA	Illumina MiSeq	PAIRED	WGS	GENOMIC	RANDOM	6319			1058521	319673342	SUB6441800	2019-11-01
production	SAMN14916019	SRR11786871	SAMN14916019	SRS6657617	PRJNA632617	ILLUMINA	NextSeq 500	PAIRED	WGS	GENOMIC	PCR	KG0063-D1544-lib477_S4_L001_R1_001.fastq.gz.E5WP9GK8MCU/8478	missing		965424	511412578	SUB7441777	2020-05-14
production	SAMN17019704	SRR13232785	SAMN17019704	SRS7863046	PRJNA683067	ILLUMINA	Illumina MiSeq	PAIRED	WGS	GENOMIC	RANDOM	3410			4353190	1295407797	SUB8676895	2020-12-10
production	SAMN13568599	SRR10808519	SAMN13568599	SRS5925253	PRJNA595834	ILLUMINA	Illumina HiSeq 4000	PAIRED	WGS	GENOMIC	PCR	TAN-452			1782600	534780000	SUB6626776	2020-01-04
production	SAMN13568213	SRR10809067	SAMN13568213	SRS5925725	PRJNA595834	ILLUMINA	NextSeq 500	PAIRED	WGS	GENOMIC	PCR	1102028			2062779	597592217	SUB6626776	2020-01-04
production	SAMN08732567	SRR6855769	SAMN08732567	SRS3061568	PRJNA428596	ILLUMINA	Illumina MiSeq	PAIRED	WGS	GENOMIC	RANDOM	CG01293502_WGS			382630	187556136	SUB3797900	2018-03-22
production	SAMN08795370	SRR6896161	SAMN08795370	SRS3090583	PRJNA428596	ILLUMINA	Illumina MiSeq	PAIRED	WGS	GENOMIC	RANDOM	TRL0023221_WGS			1070789	560008443	SUB3839583	2018-03-30
production	SAMN08892430	SRR6964572	SAMN08892430	SRS3142578	PRJNA428596	ILLUMINA	Illumina HiSeq 2500	PAIRED	WGS	GENOMIC	RANDOM	130727_WGS			2995222	604739516	SUB3881282	2018-04-10
production	SAMN09756240	SRR7645809	SAMN09756240	SRS3628679	PRJNA482716	ILLUMINA	Illumina HiSeq 2000	PAIRED	WGS	GENOMIC	RANDOM	MTB_moldova_S4638			3350711	676843622	SUB4359040	2018-08-05
production	SAMN09756269	SRR7646028	SAMN09756269	SRS3628460	PRJNA482716	ILLUMINA	Illumina HiSeq 2000	PAIRED	WGS	GENOMIC	RANDOM	MTB_moldova_S5237			3227365	651927730	SUB4359040	2018-08-05
production	SAMN21855869	SRR16088040	SAMN21855869	SRS10345587	PRJNA766649	ILLUMINA	NextSeq 500	PAIRED	WGS	GENOMIC	RANDOM	15996			2008369	588277677	SUB10297023	2021-10-02
production	SAMN27520033	SRR18715464	SAMN27520033	SRS12572202	PRJNA825524	ILLUMINA	NextSeq 500	PAIRED	WGS	GENOMIC	RANDOM	22717			2622880	766078079	SUB11284620	2022-04-12
production	SAMN34293808	SRR24256379	SAMN34293808	SRS17387344	PRJNA958249	ILLUMINA	NextSeq 500	PAIRED	WGS	GENOMIC	RANDOM	18061			2534158	752008682	SUB12947562	2023-05-05
production	SAMN38210921	SRR26795554	SAMN38210921	SRS19506075	PRJNA1039243	ILLUMINA	Illumina HiSeq 4000	SINGLE	WGS	GENOMIC	cDNA	7711			766540	229962000	SUB13967353	2024-03-24
production	SAMN40273583	SRR28239725	SAMN40273583	SRS20670668	PRJNA1074779	ILLUMINA	NextSeq 2000	PAIRED	WGS	GENOMIC	RANDOM	65675			1702080	500681605	SUB14224509	2024-03-10
production	SAMN21856501	SRR16088060	SAMN21856501	SRS10345568	PRJNA766649	ILLUMINA	NextSeq 500	PAIRED	WGS	GENOMIC	RANDOM	15945			2202555	629802485	SUB10297023	2021-10-02
production	SAMN21855879	SRR16088181	SAMN21855879	SRS10345447	PRJNA766649	ILLUMINA	NextSeq 500	PAIRED	WGS	GENOMIC	RANDOM	16169			2370176	700484752	SUB10297023	2021-10-02
production	SAMN27519587	SRR18714898	SAMN27519587	SRS12571732	PRJNA825524	ILLUMINA	NextSeq 500	PAIRED	WGS	GENOMIC	RANDOM	17048			2661853	771352039	SUB11284620	2022-04-12
production	SAMN40273735	SRR28240045	SAMN40273735	SRS20671345	PRJNA1074779	ILLUMINA	NextSeq 2000	PAIRED	WGS	GENOMIC	RANDOM	78031			4226340	1266764026	SUB14224509	2024-03-10
production	SAMN33756287	SRR23861938	SAMN33756287	SRS17044514	PRJNA944654	ILLUMINA	NextSeq 500	PAIRED	WGS	GENOMIC	RANDOM	28871			1662335	474907563	SUB12947490	2023-03-19
production	SAMN33756501	SRR23862050	SAMN33756501	SRS17044899	PRJNA944654	ILLUMINA	NextSeq 500	PAIRED	WGS	GENOMIC	RANDOM	36474			2133002	622777689	SUB12947490	2023-03-19
production	SAMN33756363	SRR23862170	SAMN33756363	SRS17044777	PRJNA944654	ILLUMINA	NextSeq 500	PAIRED	WGS	GENOMIC	RANDOM	33123			1383268	400534130	SUB12947490	2023-03-19
production	SAMN33756376	SRR23862177	SAMN33756376	SRS17044770	PRJNA944654	ILLUMINA	NextSeq 500	PAIRED	WGS	GENOMIC	RANDOM	33637			2451717	722278194	SUB12947490	2023-03-19
production	SAMN35340028	SRR24710229	SAMN35340028	SRS17799445	PRJNA975605	ILLUMINA	NextSeq 2000	PAIRED	WGS	GENOMIC	RANDOM	30231			1692649	480697472	SUB13327772	2023-06-05
production	SAMN34294116	SRR24256351	SAMN34294116	SRS17387372	PRJNA958249	ILLUMINA	NextSeq 500	PAIRED	WGS	GENOMIC	RANDOM	23498			1763465	478138728	SUB12947562	2023-05-05
production	SAMN40273000	SRR28239622	SAMN40273000	SRS20670770	PRJNA1074779	ILLUMINA	NextSeq 2000	PAIRED	WGS	GENOMIC	RANDOM	40154			1893348	510556562	SUB14224509	2024-03-10
production	SAMN40273075	SRR28239653	SAMN40273075	SRS20670742	PRJNA1074779	ILLUMINA	NextSeq 2000	PAIRED	WGS	GENOMIC	RANDOM	56125			1736374	512640618	SUB14224509	2024-03-10
production	SAMN21856539	SRR16087878	SAMN21856539	SRS10345322	PRJNA766649	ILLUMINA	NextSeq 500	PAIRED	WGS	GENOMIC	RANDOM	16543			2012580	599548802	SUB10297023	2021-10-02
production	SAMN27520021	SRR18715477	SAMN27520021	SRS12572189	PRJNA825524	ILLUMINA	NextSeq 500	PAIRED	WGS	GENOMIC	RANDOM	22484			2118995	627637304	SUB11284620	2022-04-12
production	SAMN35340058	SRR24709919	SAMN35340058	SRS17799335	PRJNA975605	ILLUMINA	NextSeq 2000	PAIRED	WGS	GENOMIC	RANDOM	30417			2253158	636939958	SUB13327772	2023-06-05
production	SAMN35340125	SRR24710110	SAMN35340125	SRS17799563	PRJNA975605	ILLUMINA	NextSeq 2000	PAIRED	WGS	GENOMIC	RANDOM	36417			2486660	722944917	SUB13327772	2023-06-05
production	SAMN38210769	SRR26795485	SAMN38210769	SRS19506144	PRJNA1039243	ILLUMINA	Illumina HiSeq 4000	SINGLE	WGS	GENOMIC	cDNA	7556			645897	193769100	SUB13967353	2024-03-24
production	SAMN36619375	SRR25340846	SAMN36619375	SRS18349864	PRJNA996640	ILLUMINA	Illumina HiSeq 1500	PAIRED	WGS	GENOMIC	RANDOM	8549			2355898	711481196	SUB13695302	2023-07-20
production	SAMN38211399	SRR26795183	SAMN38211399	SRS19505774	PRJNA1039243	ILLUMINA	Illumina HiSeq 4000	SINGLE	WGS	GENOMIC	cDNA	8203			461762	138528600	SUB13967353	2024-03-24
production	SAMN40273747	SRR28239483	SAMN40273747	SRS20670911	PRJNA1074779	ILLUMINA	NextSeq 2000	PAIRED	WGS	GENOMIC	RANDOM	71058			3292694	978239861	SUB14224509	2024-03-10
production	SAMN40273648	SRR28239496	SAMN40273648	SRS20670896	PRJNA1074779	ILLUMINA	NextSeq 2000	PAIRED	WGS	GENOMIC	RANDOM	70340			3453055	1034452292	SUB14224509	2024-03-10
production	SAMN40273416	SRR28239559	SAMN40273416	SRS20670832	PRJNA1074779	ILLUMINA	NextSeq 2000	PAIRED	WGS	GENOMIC	RANDOM	61100			1211771	361343495	SUB14224509	2024-03-10
production	SAMN40272998	SRR28239645	SAMN40272998	SRS20670748	PRJNA1074779	ILLUMINA	NextSeq 2000	PAIRED	WGS	GENOMIC	RANDOM	53771			1526270	413694908	SUB14224509	2024-03-10
production	SAMN17019919	SRR13232582	SAMN17019919	SRS7863249	PRJNA683067	ILLUMINA	Illumina MiSeq	PAIRED	WGS	GENOMIC	RANDOM	5578			2178449	649887535	SUB8676895	2020-12-10
production	SAMN17170461	SRR13312523	SAMN17170461	SRS7928337	PRJNA688213	ILLUMINA	Illumina MiSeq	PAIRED	WGS	GENOMIC	RANDOM	18183			3944950	796879900	SUB8792500	2021-01-04
production	SAMN21856406	SRR16087914	SAMN21856406	SRS10345288	PRJNA766649	ILLUMINA	NextSeq 500	PAIRED	WGS	GENOMIC	RANDOM	10955			1725669	513985131	SUB10297023	2021-10-02
production	SAMN21856510	SRR16088050	SAMN21856510	SRS10345578	PRJNA766649	ILLUMINA	NextSeq 500	PAIRED	WGS	GENOMIC	RANDOM	20546			1357042	404086538	SUB10297023	2021-10-02
production	SAMN21856507	SRR16088053	SAMN21856507	SRS10345575	PRJNA766649	ILLUMINA	NextSeq 500	PAIRED	WGS	GENOMIC	RANDOM	20291			1931992	568699661	SUB10297023	2021-10-02
production	SAMN27520070	SRR18714808	SAMN27520070	SRS12571822	PRJNA825524	ILLUMINA	NextSeq 500	PAIRED	WGS	GENOMIC	RANDOM	23191			2723888	789712676	SUB11284620	2022-04-12
production	SAMN34293867	SRR24256020	SAMN34293867	SRS17387190	PRJNA958249	ILLUMINA	NextSeq 500	PAIRED	WGS	GENOMIC	RANDOM	20012			1478224	408973178	SUB12947562	2023-05-05
production	SAMN35220662	SRR24673514	SAMN35220662	SRS17748996	PRJNA974487	ILLUMINA	NextSeq 2000	PAIRED	WGS	GENOMIC	RANDOM	54494			2030820	593294564	SUB13327769	2023-06-05
production	SAMN35220639	SRR24673547	SAMN35220639	SRS17748963	PRJNA974487	ILLUMINA	NextSeq 2000	PAIRED	WGS	GENOMIC	RANDOM	53975			1456430	426038697	SUB13327769	2023-06-05
production	SAMN35340059	SRR24709918	SAMN35340059	SRS17799336	PRJNA975605	ILLUMINA	NextSeq 2000	PAIRED	WGS	GENOMIC	RANDOM	30419			1964983	547632212	SUB13327772	2023-06-05
production	SAMN36619365	SRR25340857	SAMN36619365	SRS18349853	PRJNA996640	ILLUMINA	Illumina HiSeq 1500	PAIRED	WGS	GENOMIC	RANDOM	8363			2849708	860611816	SUB13695302	2023-07-20
production	SAMN36619313	SRR25340882	SAMN36619313	SRS18349828	PRJNA996640	ILLUMINA	Illumina HiSeq 1500	PAIRED	WGS	GENOMIC	RANDOM	5472			2543085	768011670	SUB13695302	2023-07-20
production	SAMN42034240	SRR29539298	SAMN42034240	SRS21743984	PRJNA1074785	ILLUMINA	NextSeq 2000	PAIRED	WGS	GENOMIC	RANDOM	31246			1644938	469058523	SUB14534673	2024-06-27
production	SAMN40983305	SRR28706455	SAMN40983305	SRS21039766	PRJNA1074793	ILLUMINA	NextSeq 2000	PAIRED	WGS	GENOMIC	RANDOM	55085			2497782	748534711	SUB14360817	2024-04-21
production	SAMN42034165	SRR29539318	SAMN42034165	SRS21743964	PRJNA1074785	ILLUMINA	NextSeq 2000	PAIRED	WGS	GENOMIC	RANDOM	29815			2555769	619724781	SUB14534673	2024-06-26
production	SAMN42034929	SRR29539572	SAMN42034929	SRS21744363	PRJNA1074785	ILLUMINA	NextSeq 2000	PAIRED	WGS	GENOMIC	RANDOM	61789			1312723	393557509	SUB14534673	2024-06-27
production	SAMN40273766	SRR28239464	SAMN40273766	SRS20670930	PRJNA1074779	ILLUMINA	NextSeq 2000	PAIRED	WGS	GENOMIC	RANDOM	71662			2842177	844124140	SUB14224509	2024-03-08
production	SAMN40547133	SRR28389879	SAMN40547133	SRS20791584	PRJNA1074786	ILLUMINA	NextSeq 2000	PAIRED	WGS	GENOMIC	RANDOM	94791			2529015	734100315	SUB14324240	2024-03-24
production	SAMN40947055	SRR28646059	SAMN40947055	SRS21007564	PRJNA1074784	ILLUMINA	NextSeq 2000	PAIRED	WGS	GENOMIC	RANDOM	70822			1005254	299493711	SUB14375649	2024-04-14
production	SAMN42034641	SRR29539429	SAMN42034641	SRS21743852	PRJNA1074785	ILLUMINA	NextSeq 2000	PAIRED	WGS	GENOMIC	RANDOM	41738			1991314	550514103	SUB14534673	2024-06-27
production	SAMN42034599	SRR29539650	SAMN42034599	SRS21744286	PRJNA1074785	ILLUMINA	NextSeq 2000	PAIRED	WGS	GENOMIC	RANDOM	40737			1270966	372157022	SUB14534673	2024-06-27
production	SAMN42034397	SRR29539714	SAMN42034397	SRS21744222	PRJNA1074785	ILLUMINA	NextSeq 2000	PAIRED	WGS	GENOMIC	RANDOM	34914			1734465	492971745	SUB14534673	2024-06-27
production	SAMN40655427	SRR28498471	SAMN40655427	SRS20888928	PRJNA1074788	ILLUMINA	NextSeq 2000	PAIRED	WGS	GENOMIC	RANDOM	91238			1727945	513189670	SUB14337646	2024-03-30
production	SAMN40655243	SRR28498706	SAMN40655243	SRS20888693	PRJNA1074788	ILLUMINA	NextSeq 2000	PAIRED	WGS	GENOMIC	RANDOM	22678			1335316	383703690	SUB14337646	2024-03-30
production	SAMN42034396	SRR29539715	SAMN42034396	SRS21744220	PRJNA1074785	ILLUMINA	NextSeq 2000	PAIRED	WGS	GENOMIC	RANDOM	34912			2066661	580241849	SUB14534673	2024-06-27
production	SAMN42233714	SRR29681318	SAMN42233714	SRS21873993	PRJNA1074785	ILLUMINA	NextSeq 2000	PAIRED	WGS	GENOMIC	RANDOM	63104			969394	287736877	SUB14541810	2024-07-03
production	SAMN40655454	SRR28498355	SAMN40655454	SRS20888671	PRJNA1074788	ILLUMINA	NextSeq 2000	PAIRED	WGS	GENOMIC	RANDOM	91294			3509791	1041957757	SUB14337646	2024-03-30
production	SAMN40983498	SRR28706476	SAMN40983498	SRS21039745	PRJNA1074793	ILLUMINA	NextSeq 2000	PAIRED	WGS	GENOMIC	RANDOM	65538			1995225	599315805	SUB14360817	2024-04-21
production	SAMN42034977	SRR29538923	SAMN42034977	SRS21743687	PRJNA1074785	ILLUMINA	NextSeq 2000	PAIRED	WGS	GENOMIC	RANDOM	62917			3863954	1160310545	SUB14534673	2024-06-27
production	SAMN42034461	SRR29539469	SAMN42034461	SRS21743813	PRJNA1074785	ILLUMINA	NextSeq 2000	PAIRED	WGS	GENOMIC	RANDOM	36785			1907248	548505907	SUB14534673	2024-06-27
production	SAMN42034955	SRR29539543	SAMN42034955	SRS21744390	PRJNA1074785	ILLUMINA	NextSeq 2000	PAIRED	WGS	GENOMIC	RANDOM	62381			3062793	918869768	SUB14534673	2024-06-27
production	SAMN42233830	SRR29681486	SAMN42233830	SRS21873826	PRJNA1074785	ILLUMINA	NextSeq 2000	PAIRED	WGS	GENOMIC	RANDOM	64878			1292220	386215561	SUB14541810	2024-07-09
phaseB	mar_N0153	ERR3183990	SAMEA5383013	ERS3189386	PRJEB31443	ILLUMINA	Illumina HiSeq 2500	PAIRED	WGS	GENOMIC	RANDOM	unspecified		100	2035388	614687176	IBV-CSIC	2019-02-27
phaseB	mar_QC_9	SRR14196822	SAMN18521338	SRS8670076	PRJNA720906	ILLUMINA	NextSeq 500	PAIRED	WGS	GENOMIC	RANDOM	QC-9_SR			2214783	639192568	SUB9147894	2021-04-13
phaseB	mar_QC_1	SRR14196839	SAMN18521330	SRS8670067	PRJNA720906	ILLUMINA	NextSeq 500	PAIRED	WGS	GENOMIC	RANDOM	QC-1_SR			1703872	499748016	SUB9147894	2021-04-13
phaseB	mar_706_05	SRR14196842	SAMN18521329	SRS8670066	PRJNA720906	ILLUMINA	NextSeq 500	PAIRED	WGS	GENOMIC	RANDOM	706-05_SR			2032770	600437271	SUB9147894	2021-04-13
phaseB	mar_8129_04	SRR14196851	SAMN18521316	SRS8670061	PRJNA720906	ILLUMINA	NextSeq 500	PAIRED	WGS	GENOMIC	RANDOM	8129-04_SR			2007663	590336723	SUB9147894	2021-04-13
phaseB	mar_4549_04	SRR14196853	SAMN18521324	SRS8670060	PRJNA720906	ILLUMINA	NextSeq 500	PAIRED	WGS	GENOMIC	RANDOM	4549-04_SR			1680992	493483807	SUB9147894	2021-04-13
phaseB	mar_TB2661	SRR6356981	SAMN08143491	SRS2742048	PRJNA421446	ILLUMINA	Illumina HiSeq 2500	PAIRED	WGS	GENOMIC	RANDOM	AZE-02-042_7282			1267787	382871674	SUB3264813	2017-12-08
phaseB	mar_TB2659	SRR6356982	SAMN08143493	SRS2742047	PRJNA421446	ILLUMINA	Illumina HiSeq 2500	PAIRED	WGS	GENOMIC	RANDOM	AZE-02-041_15567			1405955	424598410	SUB3264813	2017-12-08
phaseB	mar_TB3113	SRR7516302	SAMN09651693	SRS3542835	PRJNA480888	ILLUMINA	Illumina HiSeq 2500	PAIRED	WGS	GENOMIC	RANDOM	3113			1631437	492693974	SUB3789444	2018-07-13
phaseB	mar_QC_6	SRR14196828	SAMN18521335	SRS8670073	PRJNA720906	ILLUMINA	NextSeq 500	PAIRED	WGS	GENOMIC	RANDOM	QC-6_SR			1622324	473759149	SUB9147894	2021-04-13
phaseB	mar_QC_5	SRR14196831	SAMN18521334	SRS8670071	PRJNA720906	ILLUMINA	NextSeq 500	PAIRED	WGS	GENOMIC	RANDOM	QC-5_SR			1671281	488627359	SUB9147894	2021-04-13
phaseB	mar_702_06	SRR14196844	SAMN18521328	SRS8670065	PRJNA720906	ILLUMINA	NextSeq 500	PAIRED	WGS	GENOMIC	RANDOM	702-06_SR			1932216	570697921	SUB9147894	2021-04-13
phaseB	mar_696_05	SRR14196846	SAMN18521327	SRS8670064	PRJNA720906	ILLUMINA	NextSeq 500	PAIRED	WGS	GENOMIC	RANDOM	696-05_SR			2052388	602014288	SUB9147894	2021-04-13
phaseB	mar_TB2780	SRR6356958	SAMN08143558	SRS2742071	PRJNA421446	ILLUMINA	Illumina HiSeq 2500	PAIRED	WGS	GENOMIC	RANDOM	AZE-02-067_1408			1556874	470175948	SUB3264813	2017-12-08
phaseB	mar_TB3334	SRR6807728	SAMN08636982	SRS3020791	PRJNA436997	ILLUMINA	Illumina HiSeq 2500	PAIRED	WGS	GENOMIC	RANDOM	1607_3334			1447831	437244962	SUB3744290	2018-03-07
phaseB	mar_TB3386	SRR6807754	SAMN08637048	SRS3020766	PRJNA436997	ILLUMINA	Illumina HiSeq 2500	PAIRED	WGS	GENOMIC	RANDOM	648_3386			868608	262319616	SUB3744290	2018-03-07
phaseB	mar_MT_0080	SRR9588558	SAMN12126194	SRS5017403	PRJNA549270	ILLUMINA	Illumina HiSeq 4000	PAIRED	WGS	GENOMIC	RANDOM	MT-0080_1			25406292	5081258400	SUB5866048	2019-10-01
phaseB	mar_M0017522_5	SRR17234885	SAMN24040410	SRS11315935	PRJNA719670	ILLUMINA	Illumina HiSeq 2500	PAIRED	WGS	GENOMIC	RANDOM	Illumina_M0017522_5			1481016	370254000	SUB10802033	2022-01-11
phaseB	mar_M0016395_7	SRR17234901	SAMN24039411	SRS11315934	PRJNA719670	ILLUMINA	Illumina HiSeq 2500	PAIRED	WGS	GENOMIC	RANDOM	Illumina_M0016395_7			1138012	227602400	SUB10802033	2022-01-11
phaseB	mar_02_R1179	SRR17234904	SAMN24042990	SRS11315930	PRJNA719670	ILLUMINA	Illumina HiSeq 2500	PAIRED	WGS	GENOMIC	RANDOM	Illumina_02_R1179			3551406	1065421800	SUB10802033	2022-01-11
phaseB	mar_02_R0894	SRR17234881	SAMN24039598	SRS11315940	PRJNA719670	ILLUMINA	Illumina HiSeq 2500	PAIRED	WGS	GENOMIC	RANDOM	Illumina_02_R0894			2671056	801316800	SUB10802033	2022-01-11
phaseB	mar_02_R1708	SRR17234882	SAMN24039640	SRS11315938	PRJNA719670	ILLUMINA	Illumina HiSeq 2500	PAIRED	WGS	GENOMIC	RANDOM	Illumina_02_R1708			3149598	944879400	SUB10802033	2022-01-11
phaseB	mar_QC_10	SRR14196820	SAMN18521339	SRS8670077	PRJNA720906	ILLUMINA	NextSeq 500	PAIRED	WGS	GENOMIC	RANDOM	QC-10_SR			1784219	523820709	SUB9147894	2021-04-13
phaseB	mar_QC_7	SRR14196826	SAMN18521336	SRS8670074	PRJNA720906	ILLUMINA	NextSeq 500	PAIRED	WGS	GENOMIC	RANDOM	QC-7_SR			1928810	561991630	SUB9147894	2021-04-13
phaseB	mar_TB1612	SRR6356966	SAMN08143536	SRS2742060	PRJNA421446	ILLUMINA	Illumina HiSeq 2500	PAIRED	WGS	GENOMIC	RANDOM	ARR1960_8740			1155786	349047372	SUB3264813	2017-12-08
phaseB	mar_TB3251	SRR6807694	SAMN08637007	SRS3020826	PRJNA436997	ILLUMINA	Illumina HiSeq 2500	PAIRED	WGS	GENOMIC	RANDOM	1619_3251			1374278	415031956	SUB3744290	2018-03-07
phaseB	mar_TB2981	SRR7516422	SAMN09651715	SRS3542701	PRJNA480888	ILLUMINA	Illumina HiSeq 2500	PAIRED	WGS	GENOMIC	RANDOM	2981			1919887	579805874	SUB3789444	2018-07-13
phaseB	mar_9050_05	SRR14196817	SAMN18521318	SRS8670078	PRJNA720906	ILLUMINA	NextSeq 500	PAIRED	WGS	GENOMIC	RANDOM	9050-05_SR			2601695	766336136	SUB9147894	2021-04-13
phaseB	mar_8651_04	SRR14196861	SAMN18521320	SRS8670056	PRJNA720906	ILLUMINA	NextSeq 500	PAIRED	WGS	GENOMIC	RANDOM	8651-04_SR			1070850	314779604	SUB9147894	2021-04-13
phaseB	mar_02_R1896	SRR17234883	SAMN24040382	SRS11315939	PRJNA719670	ILLUMINA	Illumina HiSeq 2500	PAIRED	WGS	GENOMIC	RANDOM	Illumina_02_R1896			2336312	584078000	SUB10802033	2022-01-11
phaseB	mar_01_R1134	SRR17234892	SAMN24040618	SRS11315937	PRJNA719670	ILLUMINA	Illumina HiSeq 2500	PAIRED	WGS	GENOMIC	RANDOM	Illumina_01_R1134			1260223	315055750	SUB10802033	2022-01-11
phaseB	mar_01_R1430	SRR17234906	SAMN24039564	SRS11315928	PRJNA719670	ILLUMINA	Illumina HiSeq 2500	PAIRED	WGS	GENOMIC	RANDOM	Illumina_01_R1430			5265438	1316359500	SUB10802033	2022-01-11
phaseB	mar_TB1236	SRR6356988	SAMN08143572	SRS2742040	PRJNA421446	ILLUMINA	Illumina HiSeq 2500	PAIRED	WGS	GENOMIC	RANDOM	ZRB10578980_5605			1347870	407056740	SUB3264813	2017-12-08
phaseB	mar_M0016737_0	SRR17234884	SAMN24040385	SRS11315931	PRJNA719670	ILLUMINA	Illumina HiSeq 2500	PAIRED	WGS	GENOMIC	RANDOM	Illumina_M0016737_0			1905419	476354750	SUB10802033	2022-01-11
phaseB	mar_M0003941_3	SRR17234902	SAMN24042982	SRS11315932	PRJNA719670	ILLUMINA	Illumina HiSeq 2500	PAIRED	WGS	GENOMIC	RANDOM	Illumina_M0003941_3			7106607	1776651750	SUB10802033	2022-01-11
phaseB	mar_M0010874_7	SRR17234905	SAMN24039456	SRS11315929	PRJNA719670	ILLUMINA	Illumina HiSeq 2500	PAIRED	WGS	GENOMIC	RANDOM	Illumina_M0010874_7			2338590	467718000	SUB10802033	2022-01-11
phaseB	mar_QC_8	SRR14196824	SAMN18521337	SRS8670075	PRJNA720906	ILLUMINA	NextSeq 500	PAIRED	WGS	GENOMIC	RANDOM	QC-8_SR			1922556	563042210	SUB9147894	2021-04-13
phaseB	mar_QC_4	SRR14196833	SAMN18521333	SRS8670070	PRJNA720906	ILLUMINA	NextSeq 500	PAIRED	WGS	GENOMIC	RANDOM	QC-4_SR			1911139	556143093	SUB9147894	2021-04-13
phaseB	mar_QC_3	SRR14196835	SAMN18521332	SRS8670069	PRJNA720906	ILLUMINA	NextSeq 500	PAIRED	WGS	GENOMIC	RANDOM	QC-3_SR			1934321	567594642	SUB9147894	2021-04-13
phaseB	mar_3003_06	SRR14196859	SAMN18521321	SRS8670057	PRJNA720906	ILLUMINA	NextSeq 500	PAIRED	WGS	GENOMIC	RANDOM	3003-06_SR			2165161	635096393	SUB9147894	2021-04-13
phaseB	mar_TB3054	SRR7516348	SAMN09651755	SRS3542761	PRJNA480888	ILLUMINA	Illumina HiSeq 2500	PAIRED	WGS	GENOMIC	RANDOM	3054			1510185	456075870	SUB3789444	2018-07-13
phaseB	mar_TB2512	SRR7516391	SAMN09651664	SRS3542714	PRJNA480888	ILLUMINA	Illumina HiSeq 2500	PAIRED	WGS	GENOMIC	RANDOM	2512			1543198	466045796	SUB3789444	2018-07-13
phaseB	mar_N0054	ERR2704678	SAMEA4791102	ERS2611032	PRJEB27802	ILLUMINA	Illumina HiSeq 2500	PAIRED	WGS	GENOMIC	RANDOM	unspecified		500	1729887	522425874	Swiss Tropical and Public Health Institute;UNIVERSITY OF BASEL;SWITZERLAND	2018-08-27
phaseB	mar_N0155	ERR2704684	SAMEA4791108	ERS2611038	PRJEB27802	ILLUMINA	Illumina HiSeq 2500	PAIRED	WGS	GENOMIC	RANDOM	unspecified		500	2063680	416863360	Swiss Tropical and Public Health Institute;UNIVERSITY OF BASEL;SWITZERLAND	2018-08-27
phaseB	mar_N0145	ERR2704702	SAMEA4791107	ERS2611037	PRJEB27802	ILLUMINA	Illumina HiSeq 2500	PAIRED	WGS	GENOMIC	RANDOM	unspecified		500	3439885	694856770	Swiss Tropical and Public Health Institute;UNIVERSITY OF BASEL;SWITZERLAND	2018-08-27
phaseB	mar_TB3368	SRR6807705	SAMN08637037	SRS3020816	PRJNA436997	ILLUMINA	Illumina HiSeq 2500	PAIRED	WGS	GENOMIC	RANDOM	539_3368			889152	268523904	SUB3744290	2018-03-07
phaseB	mar_N1202	ERR2704688	SAMEA4791112	ERS2611042	PRJEB27802	ILLUMINA	Illumina HiSeq 2500	PAIRED	WGS	GENOMIC	RANDOM	unspecified		500	2079570	628030140	Swiss Tropical and Public Health Institute;UNIVERSITY OF BASEL;SWITZERLAND	2018-08-27
phaseB	mar_N0004	ERR2704697	SAMEA4791099	ERS2611029	PRJEB27802	ILLUMINA	Illumina HiSeq 2500	PAIRED	WGS	GENOMIC	RANDOM	unspecified		500	2492345	503453690	Swiss Tropical and Public Health Institute;UNIVERSITY OF BASEL;SWITZERLAND	2018-08-27
phaseB	mar_M0014888_3	SRR17234899	SAMN24038646	SRS11315933	PRJNA719670	ILLUMINA	Illumina HiSeq 2500	PAIRED	WGS	GENOMIC	RANDOM	Illumina_M0014888_3			2001016	400203200	SUB10802033	2022-01-11
phaseB	mar_TB3237	SRR6807727	SAMN08636983	SRS3020792	PRJNA436997	ILLUMINA	Illumina HiSeq 2500	PAIRED	WGS	GENOMIC	RANDOM	1607_3237			1284447	387902994	SUB3744290	2018-03-07
phaseB	mar_TB3396	SRR6807763	SAMN08637053	SRS3020758	PRJNA436997	ILLUMINA	Illumina HiSeq 2500	PAIRED	WGS	GENOMIC	RANDOM	551_3396			1446494	436841188	SUB3744290	2018-03-07
phaseB	mar_N0072	ERR2704680	SAMEA4791104	ERS2611034	PRJEB27802	ILLUMINA	Illumina HiSeq 2500	PAIRED	WGS	GENOMIC	RANDOM	unspecified		500	2397164	723943528	Swiss Tropical and Public Health Institute;UNIVERSITY OF BASEL;SWITZERLAND	2018-08-27
phaseB	mar_N1274	ERR2704693	SAMEA4791117	ERS2611047	PRJEB27802	ILLUMINA	Illumina HiSeq 2500	PAIRED	WGS	GENOMIC	RANDOM	unspecified		500	1990489	601127678	Swiss Tropical and Public Health Institute;UNIVERSITY OF BASEL;SWITZERLAND	2018-08-27
phaseB	mar_N1177	ERR3183991	SAMEA5383014	ERS3189387	PRJEB31443	ILLUMINA	Illumina HiSeq 2500	PAIRED	WGS	GENOMIC	RANDOM	unspecified		100	7333482	1100022300	IBV-CSIC	2019-02-27
phaseB	mar_TB2995	SRR7516404	SAMN09651722	SRS3542700	PRJNA480888	ILLUMINA	Illumina HiSeq 2500	PAIRED	WGS	GENOMIC	RANDOM	2995			1173771	354478842	SUB3789444	2018-07-13
phaseB	mar_TB3162	SRR7516410	SAMN09651817	SRS3542721	PRJNA480888	ILLUMINA	Illumina HiSeq 2500	PAIRED	WGS	GENOMIC	RANDOM	3162			1123905	339419310	SUB3789444	2018-07-13
phaseB	mar_TB3091	SRR7516312	SAMN09651782	SRS3542811	PRJNA480888	ILLUMINA	Illumina HiSeq 2500	PAIRED	WGS	GENOMIC	RANDOM	3091			1369738	413660876	SUB3789444	2018-07-13
phaseB	mar_TB3169	SRR7516407	SAMN09651729	SRS3542710	PRJNA480888	ILLUMINA	Illumina HiSeq 2500	PAIRED	WGS	GENOMIC	RANDOM	3169			1182990	357262980	SUB3789444	2018-07-13
phaseB	mar_TB2968	SRR7516420	SAMN09651713	SRS3542705	PRJNA480888	ILLUMINA	Illumina HiSeq 2500	PAIRED	WGS	GENOMIC	RANDOM	2968			1875184	566305568	SUB3789444	2018-07-13
phaseB	mar_N1176	ERR2704686	SAMEA4791110	ERS2611040	PRJEB27802	ILLUMINA	Illumina HiSeq 2500	PAIRED	WGS	GENOMIC	RANDOM	unspecified		500	2424903	732320706	Swiss Tropical and Public Health Institute;UNIVERSITY OF BASEL;SWITZERLAND	2018-08-27
phaseB	mar_N1272	ERR2704692	SAMEA4791116	ERS2611046	PRJEB27802	ILLUMINA	Illumina HiSeq 2500	PAIRED	WGS	GENOMIC	RANDOM	unspecified		500	1577718	476470836	Swiss Tropical and Public Health Institute;UNIVERSITY OF BASEL;SWITZERLAND	2018-08-27
phaseB	mar_RW_TB008	SRR10828835	SAMN13736268	SRS5943577	PRJNA598991	ILLUMINA	Illumina MiSeq	PAIRED	WGS	GENOMIC	RANDOM	1			2381612	684764873	SUB6747417	2020-05-07
phaseB	mar_M0011368_9	SRR17234898	SAMN18614372	SRS11315936	PRJNA719670	ILLUMINA	Illumina HiSeq 2500	PAIRED	WGS	GENOMIC	RANDOM	Illumina_M0011368_9			1044865	208973000	SUB10802033	2022-01-11
